Date,Invoice ID,Branch,City,Customer type,Gender,Product line,Unit price,Quantity,Buying price,Tax 5%,Selling price,Paymentmode,Profit percentage,profit,Rating
1/5/2019,750-67-8428,Alex,Yangon,Member,Female,Health and beauty,74.69,7,522.83,26.1415,548.9715,Ewallet,5,26.1415,9.1
3/8/2019,226-31-3081,Giza,Naypyitaw,Normal,Female,Electronic accessories,15.28,5,76.4,26.1415,80.22,Cash,5,3.82,9.6
3/3/2019,631-41-3108,Alex,Yangon,Normal,Female,Home and lifestyle,46.33,7,324.31,26.1415,340.5255,Credit card,5,16.2155,7.4
1/27/2019,123-19-1176,Alex,Yangon,Member,Female,Health and beauty,58.22,8,465.76,26.1415,489.048,Ewallet,5,23.288,8.4
2/8/2019,373-73-7910,Alex,Yangon,Member,Female,Sports and travel,86.31,7,604.17,26.1415,634.3785,Ewallet,5,30.2085,5.3
3/25/2019,699-14-3026,Giza,Naypyitaw,Member,Female,Electronic accessories,85.39,7,597.73,26.1415,627.6165,Ewallet,5,29.8865,4.1
2/25/2019,355-53-5943,Alex,Yangon,Member,Female,Electronic accessories,68.84,6,413.04,26.1415,433.692,Ewallet,5,20.652,5.8
2/24/2019,315-22-5665,Giza,Naypyitaw,Member,Female,Home and lifestyle,73.56,10,735.6,26.1415,772.38,Ewallet,5,36.78,8
1/10/2019,665-32-9167,Alex,Yangon,Member,Female,Health and beauty,36.26,2,72.52,26.1415,76.146,Credit card,5,3.626,7.2
2/20/2019,692-92-5582,Cairo,Mandalay,Member,Female,Food and beverages,54.84,3,164.52,26.1415,172.746,Credit card,5,8.226,5.9
2/6/2019,351-62-0822,Cairo,Mandalay,Member,Female,Fashion accessories,14.48,4,57.92,26.1415,60.816,Ewallet,5,2.896,4.5
3/9/2019,529-56-3974,Cairo,Mandalay,Member,Female,Electronic accessories,25.51,4,102.04,26.1415,107.142,Cash,5,5.102,6.8
2/12/2019,365-64-0515,Alex,Yangon,Member,Female,Electronic accessories,46.95,5,234.75,26.1415,246.4875,Ewallet,5,11.7375,7.1
2/7/2019,252-56-2699,Alex,Yangon,Member,Female,Food and beverages,43.19,10,431.9,26.1415,453.495,Ewallet,5,21.595,8.2
3/29/2019,829-34-3910,Alex,Yangon,Member,Female,Health and beauty,71.38,10,713.8,26.1415,749.49,Cash,5,35.69,5.7
1/15/2019,299-46-1805,Cairo,Mandalay,Member,Female,Sports and travel,93.72,6,562.32,26.1415,590.436,Cash,5,28.116,4.5
3/11/2019,656-95-9349,Alex,Yangon,Member,Female,Health and beauty,68.93,7,482.51,26.1415,506.6355,Credit card,5,24.1255,4.6
1/1/2019,765-26-6951,Alex,Yangon,Member,Female,Sports and travel,72.61,6,435.66,26.1415,457.443,Credit card,5,21.783,6.9
1/21/2019,329-62-1586,Alex,Yangon,Member,Female,Food and beverages,54.67,3,164.01,26.1415,172.2105,Credit card,5,8.2005,8.6
3/11/2019,319-50-3348,Cairo,Mandalay,Member,Female,Home and lifestyle,40.3,2,80.6,26.1415,84.63,Ewallet,5,4.03,4.4
2/25/2019,300-71-4605,Giza,Naypyitaw,Member,Female,Electronic accessories,86.04,5,430.2,26.1415,451.71,Ewallet,5,21.51,4.8
3/5/2019,371-85-5789,Cairo,Mandalay,Member,Female,Health and beauty,87.98,3,263.94,26.1415,277.137,Ewallet,5,13.197,5.1
3/15/2019,273-16-6619,Cairo,Mandalay,Member,Female,Home and lifestyle,33.2,2,66.4,26.1415,69.72,Credit card,5,3.32,4.4
2/17/2019,636-48-8204,Alex,Yangon,Member,Female,Electronic accessories,34.56,5,172.8,26.1415,181.44,Ewallet,5,8.64,9.9
3/2/2019,549-59-1358,Alex,Yangon,Member,Female,Sports and travel,88.63,3,265.89,26.1415,279.1845,Ewallet,5,13.2945,6
3/22/2019,227-03-5010,Alex,Yangon,Member,Female,Home and lifestyle,52.59,8,420.72,26.1415,441.756,Credit card,5,21.036,8.5
2/8/2019,649-29-6775,Cairo,Mandalay,Member,Female,Fashion accessories,33.52,1,33.52,26.1415,35.196,Cash,5,1.676,6.7
3/10/2019,189-17-4241,Alex,Yangon,Member,Female,Fashion accessories,87.67,2,175.34,26.1415,184.107,Credit card,5,8.767,7.7
1/25/2019,145-94-9061,Cairo,Mandalay,Member,Female,Food and beverages,88.36,5,441.8,26.1415,463.89,Cash,5,22.09,9.6
3/15/2019,848-62-7243,Alex,Yangon,Member,Female,Health and beauty,24.89,9,224.01,26.1415,235.2105,Cash,5,11.2005,7.4
2/25/2019,871-79-8483,Cairo,Mandalay,Member,Female,Fashion accessories,94.13,5,470.65,26.1415,494.1825,Credit card,5,23.5325,4.8
1/28/2019,149-71-6266,Cairo,Mandalay,Member,Female,Sports and travel,78.07,9,702.63,26.1415,737.7615,Cash,5,35.1315,4.5
1/10/2019,640-49-2076,Cairo,Mandalay,Member,Female,Sports and travel,83.78,8,670.24,26.1415,703.752,Cash,5,33.512,5.1
3/15/2019,595-11-5460,Alex,Yangon,Member,Female,Health and beauty,96.58,2,193.16,26.1415,202.818,Credit card,5,9.658,5.1
2/6/2019,183-56-6882,Giza,Naypyitaw,Member,Female,Food and beverages,99.42,4,397.68,26.1415,417.564,Ewallet,5,19.884,7.5
1/7/2019,232-16-2483,Giza,Naypyitaw,Member,Female,Sports and travel,68.12,1,68.12,26.1415,71.526,Ewallet,5,3.406,6.8
3/10/2019,129-29-8530,Alex,Yangon,Member,Female,Sports and travel,62.62,5,313.1,26.1415,328.755,Ewallet,5,15.655,7
1/15/2019,272-65-1806,Alex,Yangon,Member,Female,Electronic accessories,60.88,9,547.92,26.1415,575.316,Ewallet,5,27.396,4.7
3/23/2019,333-73-7901,Giza,Naypyitaw,Member,Female,Health and beauty,54.92,8,439.36,26.1415,461.328,Ewallet,5,21.968,7.6
3/3/2019,777-82-7220,Cairo,Mandalay,Member,Female,Home and lifestyle,30.12,8,240.96,26.1415,253.008,Cash,5,12.048,7.7
1/17/2019,280-35-5823,Cairo,Mandalay,Member,Female,Home and lifestyle,86.72,1,86.72,26.1415,91.056,Ewallet,5,4.336,7.9
2/2/2019,554-53-8700,Giza,Naypyitaw,Member,Female,Home and lifestyle,56.11,2,112.22,26.1415,117.831,Cash,5,5.611,6.3
2/8/2019,354-25-5821,Cairo,Mandalay,Member,Female,Sports and travel,69.12,6,414.72,26.1415,435.456,Cash,5,20.736,5.6
3/4/2019,228-96-1411,Giza,Naypyitaw,Member,Female,Food and beverages,98.7,8,789.6,26.1415,829.08,Cash,5,39.48,7.6
3/16/2019,617-15-4209,Giza,Naypyitaw,Member,Female,Health and beauty,15.37,2,30.74,26.1415,32.277,Cash,5,1.537,7.2
3/9/2019,132-32-9879,Cairo,Mandalay,Member,Female,Electronic accessories,93.96,4,375.84,26.1415,394.632,Cash,5,18.792,9.5
2/27/2019,370-41-7321,Cairo,Mandalay,Member,Female,Health and beauty,56.69,9,510.21,26.1415,535.7205,Credit card,5,25.5105,8.4
2/6/2019,727-46-3608,Cairo,Mandalay,Member,Female,Food and beverages,20.01,9,180.09,26.1415,189.0945,Ewallet,5,9.0045,4.1
2/10/2019,669-54-1719,Cairo,Mandalay,Member,Female,Electronic accessories,18.93,6,113.58,26.1415,119.259,Credit card,5,5.679,8.1
3/19/2019,574-22-5561,Giza,Naypyitaw,Member,Female,Fashion accessories,82.63,10,826.3,26.1415,867.615,Ewallet,5,41.315,7.9
2/3/2019,326-78-5178,Giza,Naypyitaw,Member,Female,Food and beverages,91.4,7,639.8,26.1415,671.79,Cash,5,31.99,9.5
2/10/2019,162-48-8011,Alex,Yangon,Member,Female,Food and beverages,44.59,5,222.95,26.1415,234.0975,Cash,5,11.1475,8.5
3/22/2019,616-24-2851,Cairo,Mandalay,Member,Female,Fashion accessories,17.87,4,71.48,26.1415,75.054,Ewallet,5,3.574,6.5
1/25/2019,778-71-5554,Giza,Naypyitaw,Member,Female,Fashion accessories,15.43,1,15.43,26.1415,16.2015,Credit card,5,0.7715,6.1
3/7/2019,242-55-6721,Cairo,Mandalay,Member,Female,Home and lifestyle,16.16,2,32.32,26.1415,33.936,Ewallet,5,1.616,6.5
2/28/2019,399-46-5918,Giza,Naypyitaw,Member,Female,Electronic accessories,85.98,8,687.84,26.1415,722.232,Cash,5,34.392,8.2
3/27/2019,106-35-6779,Alex,Yangon,Member,Female,Home and lifestyle,44.34,2,88.68,26.1415,93.114,Cash,5,4.434,5.8
2/7/2019,635-40-6220,Alex,Yangon,Member,Female,Health and beauty,89.6,8,716.8,26.1415,752.64,Ewallet,5,35.84,6.6
1/20/2019,817-48-8732,Alex,Yangon,Member,Female,Home and lifestyle,72.35,10,723.5,26.1415,759.675,Cash,5,36.175,5.4
3/12/2019,120-06-4233,Giza,Naypyitaw,Member,Female,Electronic accessories,30.61,6,183.66,26.1415,192.843,Cash,5,9.183,9.3
2/15/2019,285-68-5083,Giza,Naypyitaw,Member,Female,Sports and travel,24.74,3,74.22,26.1415,77.931,Credit card,5,3.711,10
2/24/2019,803-83-5989,Giza,Naypyitaw,Member,Female,Home and lifestyle,55.73,6,334.38,26.1415,351.099,Ewallet,5,16.719,7
2/3/2019,347-34-2234,Cairo,Mandalay,Member,Female,Sports and travel,55.07,9,495.63,26.1415,520.4115,Ewallet,5,24.7815,10
3/6/2019,199-75-8169,Alex,Yangon,Member,Female,Sports and travel,15.81,10,158.1,26.1415,166.005,Credit card,5,7.905,8.6
2/14/2019,853-23-2453,Cairo,Mandalay,Member,Female,Health and beauty,75.74,4,302.96,26.1415,318.108,Cash,5,15.148,7.6
3/13/2019,877-22-3308,Alex,Yangon,Member,Female,Health and beauty,15.87,10,158.7,26.1415,166.635,Cash,5,7.935,5.8
2/10/2019,838-78-4295,Giza,Naypyitaw,Member,Female,Health and beauty,33.47,2,66.94,26.1415,70.287,Ewallet,5,3.347,6.7
1/7/2019,109-28-2512,Cairo,Mandalay,Member,Female,Fashion accessories,97.61,6,585.66,26.1415,614.943,Ewallet,5,29.283,9.9
1/24/2019,232-11-3025,Alex,Yangon,Member,Female,Sports and travel,78.77,10,787.7,26.1415,827.085,Cash,5,39.385,6.4
2/2/2019,382-03-4532,Alex,Yangon,Member,Female,Health and beauty,18.33,1,18.33,26.1415,19.2465,Cash,5,0.9165,4.3
1/6/2019,393-65-2792,Giza,Naypyitaw,Member,Female,Food and beverages,89.48,10,894.8,26.1415,939.54,Credit card,5,44.74,9.6
2/11/2019,796-12-2025,Giza,Naypyitaw,Member,Female,Fashion accessories,62.12,10,621.2,26.1415,652.26,Cash,5,31.06,5.9
3/5/2019,510-95-6347,Cairo,Mandalay,Member,Female,Food and beverages,48.52,3,145.56,26.1415,152.838,Ewallet,5,7.278,4
3/9/2019,841-35-6630,Giza,Naypyitaw,Member,Female,Electronic accessories,75.91,6,455.46,26.1415,478.233,Cash,5,22.773,8.7
1/22/2019,287-21-9091,Alex,Yangon,Member,Female,Home and lifestyle,74.67,9,672.03,26.1415,705.6315,Ewallet,5,33.6015,9.4
1/13/2019,732-94-0499,Giza,Naypyitaw,Member,Female,Electronic accessories,41.65,10,416.5,26.1415,437.325,Credit card,5,20.825,5.4
1/9/2019,263-10-3913,Giza,Naypyitaw,Member,Female,Fashion accessories,49.04,9,441.36,26.1415,463.428,Credit card,5,22.068,8.6
1/12/2019,381-20-0914,Alex,Yangon,Member,Female,Fashion accessories,20.01,9,180.09,26.1415,189.0945,Credit card,5,9.0045,5.7
3/5/2019,829-49-1914,Giza,Naypyitaw,Member,Female,Food and beverages,78.31,10,783.1,26.1415,822.255,Ewallet,5,39.155,6.6
1/22/2019,756-01-7507,Giza,Naypyitaw,Member,Female,Health and beauty,20.38,5,101.9,26.1415,106.995,Cash,5,5.095,6
1/21/2019,870-72-4431,Giza,Naypyitaw,Member,Female,Health and beauty,99.19,6,595.14,26.1415,624.897,Credit card,5,29.757,5.5
1/26/2019,847-38-7188,Cairo,Mandalay,Member,Female,Food and beverages,96.68,3,290.04,26.1415,304.542,Ewallet,5,14.502,6.4
1/23/2019,480-63-2856,Giza,Naypyitaw,Member,Female,Food and beverages,19.25,8,154,26.1415,161.7,Ewallet,5,7.7,6.6
2/23/2019,787-56-0757,Giza,Naypyitaw,Member,Female,Food and beverages,80.36,4,321.44,26.1415,337.512,Credit card,5,16.072,8.3
3/9/2019,360-39-5055,Giza,Naypyitaw,Member,Female,Sports and travel,48.91,5,244.55,26.1415,256.7775,Cash,5,12.2275,6.6
3/5/2019,730-50-9884,Giza,Naypyitaw,Member,Female,Sports and travel,83.06,7,581.42,26.1415,610.491,Ewallet,5,29.071,4
3/25/2019,362-58-8315,Giza,Naypyitaw,Member,Female,Fashion accessories,76.52,5,382.6,26.1415,401.73,Cash,5,19.13,9.9
3/27/2019,633-44-8566,Alex,Yangon,Member,Female,Food and beverages,49.38,7,345.66,26.1415,362.943,Credit card,5,17.283,7.3
1/2/2019,504-35-8843,Alex,Yangon,Member,Female,Sports and travel,42.47,1,42.47,26.1415,44.5935,Cash,5,2.1235,5.7
2/27/2019,318-68-5053,Cairo,Mandalay,Member,Female,Health and beauty,76.99,6,461.94,26.1415,485.037,Cash,5,23.097,6.1
1/23/2019,565-80-5980,Giza,Naypyitaw,Member,Female,Home and lifestyle,47.38,4,189.52,26.1415,198.996,Cash,5,9.476,7.1
1/26/2019,225-32-0908,Giza,Naypyitaw,Member,Female,Sports and travel,44.86,10,448.6,26.1415,471.03,Ewallet,5,22.43,8.2
1/10/2019,873-51-0671,Alex,Yangon,Member,Female,Sports and travel,21.98,7,153.86,26.1415,161.553,Ewallet,5,7.693,5.1
3/12/2019,152-08-9985,Cairo,Mandalay,Member,Female,Health and beauty,64.36,9,579.24,26.1415,608.202,Credit card,5,28.962,8.6
2/6/2019,512-91-0811,Giza,Naypyitaw,Member,Female,Health and beauty,89.75,1,89.75,26.1415,94.2375,Credit card,5,4.4875,6.6
3/8/2019,594-34-4444,Alex,Yangon,Member,Female,Electronic accessories,97.16,1,97.16,26.1415,102.018,Ewallet,5,4.858,7.2
3/29/2019,766-85-7061,Cairo,Mandalay,Member,Female,Health and beauty,87.87,10,878.7,26.1415,922.635,Ewallet,5,43.935,5.1
2/9/2019,871-39-9221,Giza,Naypyitaw,Member,Female,Electronic accessories,12.45,6,74.7,26.1415,78.435,Cash,5,3.735,4.1
3/23/2019,865-92-6136,Alex,Yangon,Member,Female,Food and beverages,52.75,3,158.25,26.1415,166.1625,Ewallet,5,7.9125,9.3
3/5/2019,733-01-9107,Cairo,Mandalay,Member,Female,Home and lifestyle,82.7,6,496.2,26.1415,521.01,Cash,5,24.81,7.4
3/26/2019,163-56-7055,Giza,Naypyitaw,Member,Female,Fashion accessories,48.71,1,48.71,26.1415,51.1455,Cash,5,2.4355,4.1
3/1/2019,189-98-2939,Giza,Naypyitaw,Member,Female,Fashion accessories,78.55,9,706.95,26.1415,742.2975,Cash,5,35.3475,7.2
2/1/2019,551-21-3069,Giza,Naypyitaw,Member,Female,Electronic accessories,23.07,9,207.63,26.1415,218.0115,Cash,5,10.3815,4.9
3/28/2019,212-62-1842,Alex,Yangon,Member,Female,Food and beverages,58.26,6,349.56,26.1415,367.038,Cash,5,17.478,9.9
3/19/2019,716-39-1409,Cairo,Mandalay,Member,Female,Health and beauty,30.35,7,212.45,26.1415,223.0725,Cash,5,10.6225,8
1/12/2019,704-48-3927,Alex,Yangon,Member,Female,Electronic accessories,88.67,10,886.7,26.1415,931.035,Ewallet,5,44.335,7.3
1/5/2019,628-34-3388,Giza,Naypyitaw,Member,Female,Fashion accessories,27.38,6,164.28,26.1415,172.494,Credit card,5,8.214,7.9
3/22/2019,630-74-5166,Alex,Yangon,Member,Female,Sports and travel,62.13,6,372.78,26.1415,391.419,Cash,5,18.639,7.4
3/24/2019,588-01-7461,Giza,Naypyitaw,Member,Female,Food and beverages,33.98,9,305.82,26.1415,321.111,Cash,5,15.291,4.2
3/3/2019,861-77-0145,Giza,Naypyitaw,Member,Female,Electronic accessories,81.97,10,819.7,26.1415,860.685,Cash,5,40.985,9.2
2/5/2019,479-26-8945,Cairo,Mandalay,Member,Female,Sports and travel,16.49,2,32.98,26.1415,34.629,Ewallet,5,1.649,4.6
2/5/2019,210-67-5886,Giza,Naypyitaw,Member,Female,Health and beauty,98.21,3,294.63,26.1415,309.3615,Credit card,5,14.7315,7.8
2/15/2019,227-78-1148,Cairo,Mandalay,Member,Female,Fashion accessories,72.84,7,509.88,26.1415,535.374,Cash,5,25.494,8.4
1/19/2019,645-44-1170,Alex,Yangon,Member,Female,Home and lifestyle,58.07,9,522.63,26.1415,548.7615,Ewallet,5,26.1315,4.3
2/1/2019,237-01-6122,Giza,Naypyitaw,Member,Female,Home and lifestyle,80.79,9,727.11,26.1415,763.4655,Credit card,5,36.3555,9.5
3/2/2019,225-98-1496,Giza,Naypyitaw,Member,Female,Fashion accessories,27.02,3,81.06,26.1415,85.113,Credit card,5,4.053,7.1
3/5/2019,291-32-1427,Cairo,Mandalay,Member,Female,Fashion accessories,21.94,5,109.7,26.1415,115.185,Ewallet,5,5.485,5.3
1/16/2019,659-65-8956,Cairo,Mandalay,Member,Female,Fashion accessories,51.36,1,51.36,26.1415,53.928,Ewallet,5,2.568,5.2
2/2/2019,642-32-2990,Alex,Yangon,Member,Female,Food and beverages,10.96,10,109.6,26.1415,115.08,Ewallet,5,5.48,6
1/20/2019,378-24-2715,Cairo,Mandalay,Member,Female,Home and lifestyle,53.44,2,106.88,26.1415,112.224,Ewallet,5,5.344,4.1
2/14/2019,638-60-7125,Alex,Yangon,Member,Female,Electronic accessories,99.56,8,796.48,26.1415,836.304,Credit card,5,39.824,5.2
1/12/2019,659-36-1684,Giza,Naypyitaw,Member,Female,Sports and travel,57.12,7,399.84,26.1415,419.832,Credit card,5,19.992,6.5
3/9/2019,219-22-9386,Cairo,Mandalay,Member,Female,Sports and travel,99.96,9,899.64,26.1415,944.622,Credit card,5,44.982,4.2
3/13/2019,336-78-2147,Giza,Naypyitaw,Member,Female,Home and lifestyle,63.91,8,511.28,26.1415,536.844,Credit card,5,25.564,4.6
3/9/2019,268-27-6179,Cairo,Mandalay,Member,Female,Fashion accessories,56.47,8,451.76,26.1415,474.348,Ewallet,5,22.588,7.3
3/10/2019,668-90-8900,Alex,Yangon,Member,Female,Home and lifestyle,93.69,7,655.83,26.1415,688.6215,Credit card,5,32.7915,4.5
1/27/2019,870-54-3162,Alex,Yangon,Member,Female,Sports and travel,32.25,5,161.25,26.1415,169.3125,Cash,5,8.0625,9
1/8/2019,189-08-9157,Giza,Naypyitaw,Member,Female,Fashion accessories,31.73,9,285.57,26.1415,299.8485,Credit card,5,14.2785,5.9
1/8/2019,663-86-9076,Giza,Naypyitaw,Member,Female,Food and beverages,68.54,8,548.32,26.1415,575.736,Ewallet,5,27.416,8.5
2/8/2019,549-84-7482,Cairo,Mandalay,Member,Female,Sports and travel,90.28,9,812.52,26.1415,853.146,Ewallet,5,40.626,7.2
1/25/2019,191-10-6171,Cairo,Mandalay,Normal,Female,Fashion accessories,39.62,7,277.34,26.1415,291.207,Cash,5,13.867,7.5
3/6/2019,802-70-5316,Alex,Yangon,Member,Female,Sports and travel,92.13,6,552.78,26.1415,580.419,Cash,5,27.639,8.3
2/10/2019,695-51-0018,Cairo,Mandalay,Normal,Female,Sports and travel,34.84,4,139.36,26.1415,146.328,Cash,5,6.968,7.4
2/17/2019,590-83-4591,Cairo,Mandalay,Member,Female,Electronic accessories,87.45,6,524.7,26.1415,550.935,Credit card,5,26.235,8.8
3/8/2019,483-71-1164,Giza,Naypyitaw,Normal,Female,Health and beauty,81.3,6,487.8,26.1415,512.19,Ewallet,5,24.39,5.3
2/18/2019,597-78-7908,Giza,Naypyitaw,Normal,Female,Fashion accessories,90.22,3,270.66,26.1415,284.193,Cash,5,13.533,6.2
1/18/2019,700-81-1757,Alex,Yangon,Normal,Female,Electronic accessories,26.31,5,131.55,26.1415,138.1275,Credit card,5,6.5775,8.8
2/18/2019,354-39-5160,Alex,Yangon,Member,Female,Home and lifestyle,34.42,6,206.52,26.1415,216.846,Cash,5,10.326,9.8
2/16/2019,241-72-9525,Cairo,Mandalay,Normal,Female,Sports and travel,51.91,10,519.1,26.1415,545.055,Cash,5,25.955,8.2
3/16/2019,575-30-8091,Alex,Yangon,Normal,Female,Sports and travel,72.5,8,580,26.1415,609,Ewallet,5,29,9.2
1/23/2019,731-81-9469,Giza,Naypyitaw,Member,Female,Sports and travel,89.8,10,898,26.1415,942.9,Credit card,5,44.9,5.4
1/25/2019,280-17-4359,Giza,Naypyitaw,Member,Male,Health and beauty,90.5,10,905,26.1415,950.25,Cash,5,45.25,8.1
2/5/2019,338-65-2210,Giza,Naypyitaw,Member,Female,Health and beauty,68.6,10,686,26.1415,720.3,Cash,5,34.3,9.1
2/22/2019,488-25-4221,Giza,Naypyitaw,Member,Female,Food and beverages,30.41,1,30.41,26.1415,31.9305,Credit card,5,1.5205,8.4
1/21/2019,239-10-7476,Alex,Yangon,Normal,Female,Home and lifestyle,77.95,6,467.7,26.1415,491.085,Ewallet,5,23.385,8
3/8/2019,458-41-1477,Giza,Naypyitaw,Normal,Female,Health and beauty,46.26,6,277.56,26.1415,291.438,Credit card,5,13.878,9.5
2/10/2019,685-64-1609,Alex,Yangon,Member,Female,Fashion accessories,30.14,10,301.4,26.1415,316.47,Ewallet,5,15.07,9.2
3/19/2019,568-90-5112,Giza,Naypyitaw,Normal,Male,Health and beauty,66.14,4,264.56,26.1415,277.788,Credit card,5,13.228,5.6
3/6/2019,262-47-2794,Cairo,Mandalay,Member,Male,Home and lifestyle,71.86,8,574.88,26.1415,603.624,Credit card,5,28.744,6.2
3/27/2019,238-49-0436,Alex,Yangon,Normal,Male,Health and beauty,32.46,8,259.68,26.1415,272.664,Credit card,5,12.984,4.9
3/23/2019,608-96-3517,Cairo,Mandalay,Member,Female,Fashion accessories,91.54,4,366.16,26.1415,384.468,Credit card,5,18.308,4.8
3/11/2019,584-86-7256,Giza,Naypyitaw,Member,Male,Sports and travel,34.56,7,241.92,26.1415,254.016,Credit card,5,12.096,7.3
1/29/2019,746-94-0204,Alex,Yangon,Normal,Male,Fashion accessories,83.24,9,749.16,26.1415,786.618,Credit card,5,37.458,7.4
2/7/2019,214-17-6927,Giza,Naypyitaw,Normal,Female,Food and beverages,16.48,6,98.88,26.1415,103.824,Ewallet,5,4.944,9.9
1/28/2019,400-89-4171,Giza,Naypyitaw,Normal,Female,Sports and travel,80.97,8,647.76,26.1415,680.148,Cash,5,32.388,9.3
2/20/2019,782-95-9291,Alex,Yangon,Member,Male,Food and beverages,92.29,5,461.45,26.1415,484.5225,Credit card,5,23.0725,9
1/4/2019,279-74-2924,Cairo,Mandalay,Member,Male,Electronic accessories,72.17,1,72.17,26.1415,75.7785,Cash,5,3.6085,6.1
3/7/2019,307-85-2293,Cairo,Mandalay,Normal,Male,Home and lifestyle,50.28,5,251.4,26.1415,263.97,Ewallet,5,12.57,9.7
3/30/2019,743-04-1105,Cairo,Mandalay,Member,Male,Health and beauty,97.22,9,874.98,26.1415,918.729,Ewallet,5,43.749,6
3/27/2019,423-57-2993,Cairo,Mandalay,Normal,Male,Sports and travel,93.39,6,560.34,26.1415,588.357,Ewallet,5,28.017,10
1/19/2019,894-41-5205,Giza,Naypyitaw,Normal,Female,Food and beverages,43.18,8,345.44,26.1415,362.712,Credit card,5,17.272,8.3
2/25/2019,275-28-0149,Alex,Yangon,Normal,Male,Sports and travel,63.69,1,63.69,26.1415,66.8745,Cash,5,3.1845,6
3/13/2019,101-17-6199,Alex,Yangon,Normal,Male,Food and beverages,45.79,7,320.53,26.1415,336.5565,Credit card,5,16.0265,7
1/30/2019,423-80-0988,Giza,Naypyitaw,Normal,Male,Sports and travel,76.4,2,152.8,26.1415,160.44,Ewallet,5,7.64,6.5
2/20/2019,548-46-9322,Cairo,Mandalay,Normal,Male,Food and beverages,39.9,10,399,26.1415,418.95,Credit card,5,19.95,5.9
2/25/2019,505-02-0892,Cairo,Mandalay,Member,Male,Health and beauty,42.57,8,340.56,26.1415,357.588,Ewallet,5,17.028,5.6
1/16/2019,234-65-2137,Giza,Naypyitaw,Normal,Male,Home and lifestyle,95.58,10,955.8,26.1415,1003.59,Cash,5,47.79,4.8
2/8/2019,687-47-8271,Alex,Yangon,Normal,Male,Fashion accessories,98.98,10,989.8,26.1415,1039.29,Credit card,5,49.49,8.7
1/19/2019,796-32-9050,Alex,Yangon,Normal,Male,Food and beverages,51.28,6,307.68,26.1415,323.064,Cash,5,15.384,6.5
2/1/2019,105-31-1824,Alex,Yangon,Member,Male,Sports and travel,69.52,7,486.64,26.1415,510.972,Credit card,5,24.332,8.5
1/3/2019,249-42-3782,Alex,Yangon,Normal,Male,Health and beauty,70.01,5,350.05,26.1415,367.5525,Ewallet,5,17.5025,5.5
1/26/2019,316-55-4634,Cairo,Mandalay,Member,Male,Food and beverages,80.05,5,400.25,26.1415,420.2625,Credit card,5,20.0125,9.4
3/3/2019,733-33-4967,Giza,Naypyitaw,Normal,Male,Electronic accessories,20.85,8,166.8,26.1415,175.14,Cash,5,8.34,6.3
1/19/2019,608-27-6295,Cairo,Mandalay,Member,Male,Electronic accessories,52.89,6,317.34,26.1415,333.207,Credit card,5,15.867,9.8
1/18/2019,414-12-7047,Cairo,Mandalay,Normal,Male,Food and beverages,19.79,8,158.32,26.1415,166.236,Ewallet,5,7.916,8.7
3/21/2019,827-26-2100,Alex,Yangon,Member,Male,Home and lifestyle,33.84,9,304.56,26.1415,319.788,Ewallet,5,15.228,8.8
3/3/2019,175-54-2529,Alex,Yangon,Member,Male,Food and beverages,22.17,8,177.36,26.1415,186.228,Credit card,5,8.868,9.6
2/13/2019,139-52-2867,Giza,Naypyitaw,Normal,Female,Fashion accessories,22.51,7,157.57,26.1415,165.4485,Credit card,5,7.8785,4.8
3/23/2019,407-63-8975,Alex,Yangon,Normal,Male,Food and beverages,73.88,6,443.28,26.1415,465.444,Ewallet,5,22.164,4.4
1/28/2019,342-65-4817,Giza,Naypyitaw,Member,Male,Health and beauty,86.8,3,260.4,26.1415,273.42,Ewallet,5,13.02,9.9
2/9/2019,130-98-8941,Giza,Naypyitaw,Normal,Male,Fashion accessories,64.26,7,449.82,26.1415,472.311,Cash,5,22.491,5.7
1/23/2019,434-83-9547,Giza,Naypyitaw,Member,Male,Food and beverages,38.47,8,307.76,26.1415,323.148,Cash,5,15.388,7.7
3/23/2019,851-28-6367,Alex,Yangon,Member,Male,Sports and travel,15.5,10,155,26.1415,162.75,Ewallet,5,7.75,8
1/25/2019,824-88-3614,Giza,Naypyitaw,Normal,Male,Health and beauty,34.31,8,274.48,26.1415,288.204,Ewallet,5,13.724,5.7
3/4/2019,586-25-0848,Alex,Yangon,Normal,Female,Sports and travel,12.34,7,86.38,26.1415,90.699,Credit card,5,4.319,6.7
3/5/2019,895-66-0685,Cairo,Mandalay,Member,Male,Food and beverages,18.08,3,54.24,26.1415,56.952,Ewallet,5,2.712,8
3/3/2019,305-14-0245,Cairo,Mandalay,Member,Female,Home and lifestyle,94.49,8,755.92,26.1415,793.716,Ewallet,5,37.796,7.5
2/8/2019,732-04-5373,Cairo,Mandalay,Member,Male,Home and lifestyle,46.47,4,185.88,26.1415,195.174,Cash,5,9.294,7
2/10/2019,400-60-7251,Alex,Yangon,Normal,Male,Home and lifestyle,74.07,1,74.07,26.1415,77.7735,Ewallet,5,3.7035,9.9
1/28/2019,593-65-1552,Giza,Naypyitaw,Normal,Female,Home and lifestyle,69.81,4,279.24,26.1415,293.202,Credit card,5,13.962,5.9
2/11/2019,284-34-9626,Cairo,Mandalay,Normal,Female,Home and lifestyle,77.04,3,231.12,26.1415,242.676,Credit card,5,11.556,7.2
1/15/2019,437-58-8131,Cairo,Mandalay,Normal,Female,Fashion accessories,73.52,2,147.04,26.1415,154.392,Ewallet,5,7.352,4.6
3/16/2019,286-43-6208,Giza,Naypyitaw,Normal,Female,Food and beverages,87.8,9,790.2,26.1415,829.71,Cash,5,39.51,9.2
1/26/2019,641-43-2399,Cairo,Mandalay,Normal,Male,Home and lifestyle,25.55,4,102.2,26.1415,107.31,Ewallet,5,5.11,5.7
3/19/2019,831-07-6050,Alex,Yangon,Normal,Male,Electronic accessories,32.71,5,163.55,26.1415,171.7275,Credit card,5,8.1775,9.9
1/13/2019,556-86-3144,Giza,Naypyitaw,Member,Female,Fashion accessories,74.29,1,74.29,26.1415,78.0045,Cash,5,3.7145,5
3/26/2019,848-24-9445,Giza,Naypyitaw,Member,Male,Health and beauty,43.7,2,87.4,26.1415,91.77,Cash,5,4.37,4.9
3/23/2019,856-22-8149,Alex,Yangon,Normal,Female,Home and lifestyle,25.29,1,25.29,26.1415,26.5545,Ewallet,5,1.2645,6.1
3/12/2019,699-01-4164,Giza,Naypyitaw,Normal,Male,Health and beauty,41.5,4,166,26.1415,174.3,Credit card,5,8.3,8.2
2/17/2019,420-11-4919,Giza,Naypyitaw,Member,Female,Food and beverages,71.39,5,356.95,26.1415,374.7975,Credit card,5,17.8475,5.5
1/29/2019,606-80-4905,Giza,Naypyitaw,Member,Female,Sports and travel,19.15,6,114.9,26.1415,120.645,Credit card,5,5.745,6.8
3/15/2019,542-41-0513,Cairo,Mandalay,Member,Female,Electronic accessories,57.49,4,229.96,26.1415,241.458,Cash,5,11.498,6.6
1/14/2019,426-39-2418,Giza,Naypyitaw,Normal,Male,Electronic accessories,61.41,7,429.87,26.1415,451.3635,Cash,5,21.4935,9.8
2/6/2019,875-46-5808,Cairo,Mandalay,Member,Male,Health and beauty,25.9,10,259,26.1415,271.95,Ewallet,5,12.95,8.7
2/15/2019,394-43-4238,Cairo,Mandalay,Member,Male,Home and lifestyle,17.77,5,88.85,26.1415,93.2925,Credit card,5,4.4425,5.4
1/3/2019,749-24-1565,Alex,Yangon,Normal,Female,Health and beauty,23.03,9,207.27,26.1415,217.6335,Ewallet,5,10.3635,7.9
1/4/2019,672-51-8681,Giza,Naypyitaw,Member,Female,Electronic accessories,66.65,9,599.85,26.1415,629.8425,Credit card,5,29.9925,9.7
3/18/2019,263-87-5680,Giza,Naypyitaw,Member,Female,Home and lifestyle,28.53,10,285.3,26.1415,299.565,Ewallet,5,14.265,7.8
3/28/2019,573-58-9734,Cairo,Mandalay,Normal,Female,Fashion accessories,30.37,3,91.11,26.1415,95.6655,Ewallet,5,4.5555,5.1
3/2/2019,817-69-8206,Cairo,Mandalay,Normal,Female,Electronic accessories,99.73,9,897.57,26.1415,942.4485,Credit card,5,44.8785,6.5
1/25/2019,888-02-0338,Alex,Yangon,Normal,Male,Electronic accessories,26.23,9,236.07,26.1415,247.8735,Ewallet,5,11.8035,5.9
1/16/2019,677-11-0152,Giza,Naypyitaw,Normal,Female,Food and beverages,93.26,9,839.34,26.1415,881.307,Cash,5,41.967,8.8
3/20/2019,142-63-6033,Cairo,Mandalay,Normal,Male,Home and lifestyle,92.36,5,461.8,26.1415,484.89,Ewallet,5,23.09,4.9
1/4/2019,656-16-1063,Cairo,Mandalay,Normal,Male,Sports and travel,46.42,3,139.26,26.1415,146.223,Credit card,5,6.963,4.4
3/11/2019,891-58-8335,Cairo,Mandalay,Member,Female,Sports and travel,29.61,7,207.27,26.1415,217.6335,Cash,5,10.3635,6.5
3/22/2019,802-43-8934,Alex,Yangon,Normal,Male,Home and lifestyle,18.28,1,18.28,26.1415,19.194,Credit card,5,0.914,8.3
3/24/2019,560-30-5617,Cairo,Mandalay,Normal,Female,Sports and travel,24.77,5,123.85,26.1415,130.0425,Cash,5,6.1925,8.5
2/21/2019,319-74-2561,Alex,Yangon,Member,Female,Electronic accessories,94.64,3,283.92,26.1415,298.116,Cash,5,14.196,5.5
2/12/2019,549-03-9315,Cairo,Mandalay,Normal,Male,Fashion accessories,94.87,8,758.96,26.1415,796.908,Ewallet,5,37.948,8.7
3/10/2019,790-29-1172,Cairo,Mandalay,Normal,Female,Food and beverages,57.34,3,172.02,26.1415,180.621,Credit card,5,8.601,7.9
1/31/2019,239-36-3640,Cairo,Mandalay,Normal,Male,Electronic accessories,45.35,6,272.1,26.1415,285.705,Ewallet,5,13.605,6.1
3/6/2019,468-01-2051,Cairo,Mandalay,Normal,Male,Food and beverages,62.08,7,434.56,26.1415,456.288,Ewallet,5,21.728,5.4
2/17/2019,389-25-3394,Giza,Naypyitaw,Normal,Male,Electronic accessories,11.81,5,59.05,26.1415,62.0025,Cash,5,2.9525,9.4
2/21/2019,279-62-1445,Giza,Naypyitaw,Member,Female,Fashion accessories,12.54,1,12.54,26.1415,13.167,Cash,5,0.627,8.2
3/20/2019,213-72-6612,Alex,Yangon,Normal,Male,Food and beverages,43.25,2,86.5,26.1415,90.825,Cash,5,4.325,6.2
1/11/2019,746-68-6593,Giza,Naypyitaw,Member,Female,Sports and travel,87.16,2,174.32,26.1415,183.036,Credit card,5,8.716,9.7
1/26/2019,836-82-5858,Cairo,Mandalay,Member,Male,Health and beauty,69.37,9,624.33,26.1415,655.5465,Ewallet,5,31.2165,4
1/31/2019,583-72-1480,Giza,Naypyitaw,Member,Male,Electronic accessories,37.06,4,148.24,26.1415,155.652,Ewallet,5,7.412,9.7
2/26/2019,466-61-5506,Cairo,Mandalay,Member,Female,Electronic accessories,90.7,6,544.2,26.1415,571.41,Cash,5,27.21,5.3
3/11/2019,721-86-6247,Alex,Yangon,Normal,Female,Home and lifestyle,63.42,8,507.36,26.1415,532.728,Ewallet,5,25.368,7.4
1/26/2019,289-65-5721,Cairo,Mandalay,Normal,Female,Fashion accessories,81.37,2,162.74,26.1415,170.877,Cash,5,8.137,6.5
3/12/2019,545-46-3100,Cairo,Mandalay,Member,Female,Electronic accessories,10.59,3,31.77,26.1415,33.3585,Credit card,5,1.5885,8.7
2/11/2019,418-02-5978,Cairo,Mandalay,Normal,Female,Health and beauty,84.09,9,756.81,26.1415,794.6505,Cash,5,37.8405,8
2/21/2019,269-04-5750,Cairo,Mandalay,Member,Male,Fashion accessories,73.82,4,295.28,26.1415,310.044,Cash,5,14.764,6.7
3/9/2019,157-13-5295,Alex,Yangon,Member,Male,Health and beauty,51.94,10,519.4,26.1415,545.37,Ewallet,5,25.97,6.5
1/20/2019,645-78-8093,Alex,Yangon,Normal,Female,Sports and travel,93.14,2,186.28,26.1415,195.594,Ewallet,5,9.314,4.1
1/28/2019,211-30-9270,Giza,Naypyitaw,Normal,Male,Health and beauty,17.41,5,87.05,26.1415,91.4025,Credit card,5,4.3525,4.9
3/5/2019,755-12-3214,Giza,Naypyitaw,Member,Female,Fashion accessories,44.22,5,221.1,26.1415,232.155,Credit card,5,11.055,8.6
3/2/2019,346-84-3103,Cairo,Mandalay,Member,Female,Electronic accessories,13.22,5,66.1,26.1415,69.405,Cash,5,3.305,4.3
1/11/2019,478-06-7835,Alex,Yangon,Normal,Male,Fashion accessories,89.69,1,89.69,26.1415,94.1745,Ewallet,5,4.4845,4.9
1/11/2019,540-11-4336,Alex,Yangon,Normal,Male,Food and beverages,24.94,9,224.46,26.1415,235.683,Credit card,5,11.223,5.6
3/11/2019,448-81-5016,Alex,Yangon,Normal,Male,Health and beauty,59.77,2,119.54,26.1415,125.517,Credit card,5,5.977,5.8
2/28/2019,142-72-4741,Giza,Naypyitaw,Member,Male,Fashion accessories,93.2,2,186.4,26.1415,195.72,Credit card,5,9.32,6
1/5/2019,217-58-1179,Alex,Yangon,Member,Male,Home and lifestyle,62.65,4,250.6,26.1415,263.13,Cash,5,12.53,4.2
2/2/2019,376-02-8238,Cairo,Mandalay,Normal,Male,Home and lifestyle,93.87,8,750.96,26.1415,788.508,Credit card,5,37.548,8.3
1/1/2019,530-90-9855,Alex,Yangon,Member,Male,Home and lifestyle,47.59,8,380.72,26.1415,399.756,Cash,5,19.036,5.7
2/9/2019,866-05-7563,Cairo,Mandalay,Member,Female,Electronic accessories,81.4,3,244.2,26.1415,256.41,Cash,5,12.21,4.8
1/23/2019,604-70-6476,Alex,Yangon,Member,Male,Fashion accessories,17.94,5,89.7,26.1415,94.185,Ewallet,5,4.485,6.8
1/7/2019,799-71-1548,Alex,Yangon,Member,Male,Electronic accessories,77.72,4,310.88,26.1415,326.424,Credit card,5,15.544,8.8
1/14/2019,785-13-7708,Cairo,Mandalay,Normal,Male,Food and beverages,73.06,7,511.42,26.1415,536.991,Credit card,5,25.571,4.2
2/2/2019,845-51-0542,Cairo,Mandalay,Member,Male,Food and beverages,46.55,9,418.95,26.1415,439.8975,Ewallet,5,20.9475,6.4
3/17/2019,662-47-5456,Giza,Naypyitaw,Member,Male,Fashion accessories,35.19,10,351.9,26.1415,369.495,Credit card,5,17.595,8.4
3/2/2019,883-17-4236,Giza,Naypyitaw,Normal,Female,Sports and travel,14.39,2,28.78,26.1415,30.219,Credit card,5,1.439,7.2
3/16/2019,290-68-2984,Alex,Yangon,Normal,Male,Home and lifestyle,23.75,4,95,26.1415,99.75,Cash,5,4.75,5.2
1/6/2019,704-11-6354,Alex,Yangon,Member,Male,Home and lifestyle,58.9,8,471.2,26.1415,494.76,Cash,5,23.56,8.9
1/29/2019,110-48-7033,Cairo,Mandalay,Member,Male,Fashion accessories,32.62,4,130.48,26.1415,137.004,Cash,5,6.524,9
1/31/2019,366-93-0948,Alex,Yangon,Member,Male,Electronic accessories,66.35,1,66.35,26.1415,69.6675,Credit card,5,3.3175,9.7
2/5/2019,729-09-9681,Alex,Yangon,Member,Male,Home and lifestyle,25.91,6,155.46,26.1415,163.233,Ewallet,5,7.773,8.7
2/13/2019,151-16-1484,Alex,Yangon,Member,Male,Electronic accessories,32.25,4,129,26.1415,135.45,Ewallet,5,6.45,6.5
2/7/2019,380-94-4661,Giza,Naypyitaw,Member,Male,Electronic accessories,65.94,4,263.76,26.1415,276.948,Credit card,5,13.188,6.9
3/19/2019,850-41-9669,Alex,Yangon,Normal,Female,Electronic accessories,75.06,9,675.54,26.1415,709.317,Ewallet,5,33.777,6.2
3/7/2019,821-07-3596,Giza,Naypyitaw,Normal,Female,Fashion accessories,16.45,4,65.8,26.1415,69.09,Ewallet,5,3.29,5.6
3/13/2019,655-85-5130,Cairo,Mandalay,Member,Female,Fashion accessories,38.3,4,153.2,26.1415,160.86,Cash,5,7.66,5.7
2/9/2019,447-15-7839,Alex,Yangon,Member,Female,Sports and travel,22.24,10,222.4,26.1415,233.52,Cash,5,11.12,4.2
2/26/2019,154-74-7179,Cairo,Mandalay,Normal,Male,Sports and travel,54.45,1,54.45,26.1415,57.1725,Ewallet,5,2.7225,7.9
3/12/2019,253-12-6086,Alex,Yangon,Member,Female,Sports and travel,98.4,7,688.8,26.1415,723.24,Credit card,5,34.44,8.7
3/14/2019,808-65-0703,Giza,Naypyitaw,Normal,Male,Home and lifestyle,35.47,4,141.88,26.1415,148.974,Credit card,5,7.094,6.9
1/8/2019,571-94-0759,Cairo,Mandalay,Member,Female,Food and beverages,74.6,10,746,26.1415,783.3,Cash,5,37.3,9.5
1/5/2019,144-51-6085,Alex,Yangon,Member,Male,Home and lifestyle,70.74,4,282.96,26.1415,297.108,Credit card,5,14.148,4.4
1/4/2019,731-14-2199,Alex,Yangon,Member,Female,Home and lifestyle,35.54,10,355.4,26.1415,373.17,Ewallet,5,17.77,7
3/6/2019,783-09-1637,Cairo,Mandalay,Normal,Female,Sports and travel,67.43,5,337.15,26.1415,354.0075,Ewallet,5,16.8575,6.3
1/3/2019,687-15-1097,Giza,Naypyitaw,Member,Female,Health and beauty,21.12,2,42.24,26.1415,44.352,Cash,5,2.112,9.7
1/7/2019,126-54-1082,Alex,Yangon,Member,Female,Home and lifestyle,21.54,9,193.86,26.1415,203.553,Credit card,5,9.693,8.8
1/27/2019,633-91-1052,Alex,Yangon,Normal,Female,Home and lifestyle,12.03,2,24.06,26.1415,25.263,Cash,5,1.203,5.1
2/26/2019,477-24-6490,Cairo,Mandalay,Normal,Female,Health and beauty,99.71,6,598.26,26.1415,628.173,Ewallet,5,29.913,7.9
1/7/2019,566-19-5475,Cairo,Mandalay,Normal,Male,Fashion accessories,47.97,7,335.79,26.1415,352.5795,Cash,5,16.7895,6.2
1/7/2019,526-86-8552,Giza,Naypyitaw,Member,Female,Home and lifestyle,21.82,10,218.2,26.1415,229.11,Cash,5,10.91,7.1
2/2/2019,376-56-3573,Giza,Naypyitaw,Normal,Female,Fashion accessories,95.42,4,381.68,26.1415,400.764,Ewallet,5,19.084,6.4
3/20/2019,537-72-0426,Giza,Naypyitaw,Member,Male,Fashion accessories,70.99,10,709.9,26.1415,745.395,Cash,5,35.495,5.7
3/20/2019,828-61-5674,Alex,Yangon,Member,Male,Sports and travel,44.02,10,440.2,26.1415,462.21,Credit card,5,22.01,9.6
2/15/2019,136-08-6195,Alex,Yangon,Normal,Female,Home and lifestyle,69.96,8,559.68,26.1415,587.664,Credit card,5,27.984,6.4
3/6/2019,523-38-0215,Giza,Naypyitaw,Normal,Male,Home and lifestyle,37,1,37,26.1415,38.85,Credit card,5,1.85,7.9
1/6/2019,490-29-1201,Alex,Yangon,Normal,Female,Sports and travel,15.34,1,15.34,26.1415,16.107,Cash,5,0.767,6.5
3/4/2019,667-92-0055,Alex,Yangon,Member,Male,Health and beauty,99.83,6,598.98,26.1415,628.929,Ewallet,5,29.949,8.5
3/12/2019,565-17-3836,Alex,Yangon,Member,Female,Health and beauty,47.67,4,190.68,26.1415,200.214,Cash,5,9.534,9.1
2/20/2019,498-41-1961,Cairo,Mandalay,Normal,Male,Health and beauty,66.68,5,333.4,26.1415,350.07,Cash,5,16.67,7.6
3/24/2019,593-95-4461,Giza,Naypyitaw,Member,Male,Home and lifestyle,74.86,1,74.86,26.1415,78.603,Cash,5,3.743,6.9
1/31/2019,226-71-3580,Giza,Naypyitaw,Normal,Female,Sports and travel,23.75,9,213.75,26.1415,224.4375,Cash,5,10.6875,9.5
1/25/2019,283-79-9594,Cairo,Mandalay,Normal,Female,Food and beverages,48.51,7,339.57,26.1415,356.5485,Credit card,5,16.9785,5.2
2/3/2019,430-60-3493,Alex,Yangon,Member,Female,Home and lifestyle,94.88,7,664.16,26.1415,697.368,Cash,5,33.208,4.2
1/24/2019,139-20-0155,Cairo,Mandalay,Member,Male,Electronic accessories,40.3,10,403,26.1415,423.15,Credit card,5,20.15,7
3/14/2019,558-80-4082,Giza,Naypyitaw,Normal,Male,Electronic accessories,27.85,7,194.95,26.1415,204.6975,Ewallet,5,9.7475,6
2/18/2019,278-97-7759,Alex,Yangon,Member,Female,Electronic accessories,62.48,1,62.48,26.1415,65.604,Cash,5,3.124,4.7
1/21/2019,316-68-6352,Alex,Yangon,Member,Female,Food and beverages,36.36,2,72.72,26.1415,76.356,Cash,5,3.636,7.1
3/13/2019,585-03-5943,Cairo,Mandalay,Normal,Male,Health and beauty,18.11,10,181.1,26.1415,190.155,Ewallet,5,9.055,5.9
3/3/2019,211-05-0490,Giza,Naypyitaw,Member,Female,Electronic accessories,51.92,5,259.6,26.1415,272.58,Cash,5,12.98,7.5
3/29/2019,727-75-6477,Giza,Naypyitaw,Normal,Male,Electronic accessories,28.84,4,115.36,26.1415,121.128,Cash,5,5.768,6.4
1/10/2019,744-02-5987,Alex,Yangon,Member,Male,Home and lifestyle,78.38,6,470.28,26.1415,493.794,Ewallet,5,23.514,5.8
1/25/2019,307-83-9164,Alex,Yangon,Member,Male,Home and lifestyle,60.01,4,240.04,26.1415,252.042,Cash,5,12.002,4.5
1/19/2019,779-06-0012,Giza,Naypyitaw,Member,Female,Home and lifestyle,88.61,1,88.61,26.1415,93.0405,Cash,5,4.4305,7.7
1/2/2019,446-47-6729,Giza,Naypyitaw,Normal,Male,Fashion accessories,99.82,2,199.64,26.1415,209.622,Credit card,5,9.982,6.7
3/12/2019,573-10-3877,Cairo,Mandalay,Member,Male,Health and beauty,39.01,1,39.01,26.1415,40.9605,Credit card,5,1.9505,4.7
2/25/2019,735-06-4124,Giza,Naypyitaw,Normal,Male,Food and beverages,48.61,1,48.61,26.1415,51.0405,Cash,5,2.4305,4.4
3/18/2019,439-54-7422,Alex,Yangon,Normal,Female,Electronic accessories,51.19,4,204.76,26.1415,214.998,Credit card,5,10.238,4.7
2/23/2019,396-90-2219,Cairo,Mandalay,Normal,Female,Electronic accessories,14.96,8,119.68,26.1415,125.664,Cash,5,5.984,8.6
3/26/2019,411-77-0180,Alex,Yangon,Member,Male,Electronic accessories,72.2,7,505.4,26.1415,530.67,Ewallet,5,25.27,4.3
3/30/2019,286-01-5402,Alex,Yangon,Normal,Female,Sports and travel,40.23,7,281.61,26.1415,295.6905,Cash,5,14.0805,9.6
2/17/2019,803-17-8013,Alex,Yangon,Member,Female,Home and lifestyle,88.79,8,710.32,26.1415,745.836,Cash,5,35.516,4.1
3/21/2019,512-98-1403,Alex,Yangon,Member,Female,Electronic accessories,26.48,3,79.44,26.1415,83.412,Ewallet,5,3.972,4.7
3/5/2019,848-42-2560,Alex,Yangon,Normal,Female,Fashion accessories,81.91,2,163.82,26.1415,172.011,Cash,5,8.191,7.8
1/31/2019,532-59-7201,Cairo,Mandalay,Member,Male,Sports and travel,79.93,6,479.58,26.1415,503.559,Cash,5,23.979,5.5
2/5/2019,181-94-6432,Giza,Naypyitaw,Member,Male,Fashion accessories,69.33,2,138.66,26.1415,145.593,Ewallet,5,6.933,9.7
2/1/2019,870-76-1733,Alex,Yangon,Member,Female,Food and beverages,14.23,5,71.15,26.1415,74.7075,Credit card,5,3.5575,4.4
3/7/2019,423-64-4619,Alex,Yangon,Member,Female,Health and beauty,15.55,9,139.95,26.1415,146.9475,Cash,5,6.9975,5
2/10/2019,227-07-4446,Giza,Naypyitaw,Member,Female,Electronic accessories,78.13,10,781.3,26.1415,820.365,Cash,5,39.065,4.4
2/14/2019,174-36-3675,Giza,Naypyitaw,Member,Male,Food and beverages,99.37,2,198.74,26.1415,208.677,Cash,5,9.937,5.2
2/9/2019,428-83-5800,Giza,Naypyitaw,Member,Female,Food and beverages,21.08,3,63.24,26.1415,66.402,Cash,5,3.162,7.3
1/10/2019,603-07-0961,Giza,Naypyitaw,Member,Male,Electronic accessories,74.79,5,373.95,26.1415,392.6475,Cash,5,18.6975,4.9
3/11/2019,704-20-4138,Giza,Naypyitaw,Member,Female,Health and beauty,29.67,7,207.69,26.1415,218.0745,Credit card,5,10.3845,8.1
2/18/2019,787-15-1757,Giza,Naypyitaw,Member,Male,Health and beauty,44.07,4,176.28,26.1415,185.094,Ewallet,5,8.814,8.4
2/26/2019,649-11-3678,Giza,Naypyitaw,Normal,Female,Food and beverages,22.93,9,206.37,26.1415,216.6885,Cash,5,10.3185,5.5
1/18/2019,622-20-1945,Giza,Naypyitaw,Normal,Female,Health and beauty,39.42,1,39.42,26.1415,41.391,Cash,5,1.971,8.4
2/15/2019,372-94-8041,Alex,Yangon,Normal,Male,Health and beauty,15.26,6,91.56,26.1415,96.138,Ewallet,5,4.578,9.8
3/8/2019,563-91-7120,Alex,Yangon,Normal,Female,Fashion accessories,61.77,5,308.85,26.1415,324.2925,Cash,5,15.4425,6.7
1/17/2019,746-54-5508,Alex,Yangon,Normal,Male,Home and lifestyle,21.52,6,129.12,26.1415,135.576,Credit card,5,6.456,9.4
3/12/2019,276-54-0879,Cairo,Mandalay,Normal,Male,Sports and travel,97.74,4,390.96,26.1415,410.508,Ewallet,5,19.548,6.4
3/9/2019,815-11-1168,Alex,Yangon,Member,Male,Food and beverages,99.78,5,498.9,26.1415,523.845,Cash,5,24.945,5.4
3/12/2019,719-76-3868,Giza,Naypyitaw,Member,Male,Food and beverages,94.26,4,377.04,26.1415,395.892,Cash,5,18.852,8.6
1/25/2019,730-61-8757,Cairo,Mandalay,Member,Male,Health and beauty,51.13,4,204.52,26.1415,214.746,Credit card,5,10.226,4
3/25/2019,340-66-0321,Alex,Yangon,Member,Male,Electronic accessories,36.36,4,145.44,26.1415,152.712,Cash,5,7.272,7.6
2/7/2019,868-81-1752,Cairo,Mandalay,Normal,Male,Home and lifestyle,22.02,9,198.18,26.1415,208.089,Cash,5,9.909,6.8
2/17/2019,634-97-8956,Alex,Yangon,Normal,Male,Food and beverages,32.9,3,98.7,26.1415,103.635,Credit card,5,4.935,9.1
2/3/2019,566-71-1091,Alex,Yangon,Normal,Male,Fashion accessories,77.02,5,385.1,26.1415,404.355,Cash,5,19.255,5.5
3/14/2019,442-48-3607,Alex,Yangon,Member,Male,Food and beverages,23.48,2,46.96,26.1415,49.308,Credit card,5,2.348,7.9
3/24/2019,835-16-0096,Giza,Naypyitaw,Member,Male,Sports and travel,14.7,5,73.5,26.1415,77.175,Ewallet,5,3.675,8.5
3/21/2019,527-09-6272,Alex,Yangon,Member,Female,Electronic accessories,28.45,5,142.25,26.1415,149.3625,Credit card,5,7.1125,9.1
3/19/2019,898-04-2717,Alex,Yangon,Normal,Male,Fashion accessories,76.4,9,687.6,26.1415,721.98,Ewallet,5,34.38,7.5
2/24/2019,692-27-8933,Cairo,Mandalay,Normal,Female,Sports and travel,57.95,6,347.7,26.1415,365.085,Cash,5,17.385,5.2
3/28/2019,633-09-3463,Giza,Naypyitaw,Normal,Female,Electronic accessories,47.65,3,142.95,26.1415,150.0975,Credit card,5,7.1475,9.5
2/5/2019,374-17-3652,Cairo,Mandalay,Member,Female,Food and beverages,42.82,9,385.38,26.1415,404.649,Credit card,5,19.269,8.9
2/10/2019,378-07-7001,Cairo,Mandalay,Member,Male,Electronic accessories,48.09,3,144.27,26.1415,151.4835,Credit card,5,7.2135,7.8
3/5/2019,433-75-6987,Cairo,Mandalay,Member,Female,Health and beauty,55.97,7,391.79,26.1415,411.3795,Ewallet,5,19.5895,8.9
2/15/2019,873-95-4984,Cairo,Mandalay,Member,Female,Health and beauty,76.9,7,538.3,26.1415,565.215,Cash,5,26.915,7.7
1/30/2019,416-13-5917,Giza,Naypyitaw,Normal,Female,Food and beverages,97.03,5,485.15,26.1415,509.4075,Ewallet,5,24.2575,9.3
2/14/2019,150-89-8043,Alex,Yangon,Normal,Male,Sports and travel,44.65,3,133.95,26.1415,140.6475,Cash,5,6.6975,6.2
2/27/2019,135-84-8019,Alex,Yangon,Normal,Female,Fashion accessories,77.93,9,701.37,26.1415,736.4385,Ewallet,5,35.0685,7.6
2/4/2019,441-94-7118,Alex,Yangon,Member,Male,Electronic accessories,71.95,1,71.95,26.1415,75.5475,Cash,5,3.5975,7.3
1/20/2019,725-96-3778,Giza,Naypyitaw,Member,Female,Home and lifestyle,89.25,8,714,26.1415,749.7,Cash,5,35.7,4.7
3/28/2019,531-80-1784,Alex,Yangon,Normal,Male,Electronic accessories,26.02,7,182.14,26.1415,191.247,Cash,5,9.107,5.1
2/27/2019,400-45-1220,Cairo,Mandalay,Normal,Female,Health and beauty,13.5,10,135,26.1415,141.75,Credit card,5,6.75,4.8
2/15/2019,860-79-0874,Giza,Naypyitaw,Member,Female,Fashion accessories,99.3,10,993,26.1415,1042.65,Credit card,5,49.65,6.6
1/26/2019,834-61-8124,Alex,Yangon,Normal,Male,Electronic accessories,51.69,7,361.83,26.1415,379.9215,Cash,5,18.0915,5.5
3/14/2019,115-99-4379,Cairo,Mandalay,Member,Female,Fashion accessories,54.73,7,383.11,26.1415,402.2655,Credit card,5,19.1555,8.5
3/2/2019,565-67-6697,Cairo,Mandalay,Member,Male,Home and lifestyle,27,9,243,26.1415,255.15,Cash,5,12.15,4.8
3/4/2019,320-49-6392,Giza,Naypyitaw,Normal,Female,Electronic accessories,30.24,1,30.24,26.1415,31.752,Cash,5,1.512,8.4
1/7/2019,889-04-9723,Cairo,Mandalay,Member,Female,Food and beverages,89.14,4,356.56,26.1415,374.388,Credit card,5,17.828,7.8
3/8/2019,632-90-0281,Giza,Naypyitaw,Normal,Female,Fashion accessories,37.55,10,375.5,26.1415,394.275,Credit card,5,18.775,9.3
1/9/2019,554-42-2417,Giza,Naypyitaw,Normal,Female,Sports and travel,95.44,10,954.4,26.1415,1002.12,Cash,5,47.72,5.2
3/1/2019,453-63-6187,Cairo,Mandalay,Normal,Male,Electronic accessories,27.5,3,82.5,26.1415,86.625,Ewallet,5,4.125,6.5
3/16/2019,578-80-7669,Cairo,Mandalay,Normal,Male,Sports and travel,74.97,1,74.97,26.1415,78.7185,Cash,5,3.7485,5.6
2/17/2019,612-36-5536,Alex,Yangon,Member,Male,Food and beverages,80.96,8,647.68,26.1415,680.064,Credit card,5,32.384,7.4
2/27/2019,605-72-4132,Giza,Naypyitaw,Normal,Female,Food and beverages,94.47,8,755.76,26.1415,793.548,Cash,5,37.788,9.1
3/7/2019,471-41-2823,Giza,Naypyitaw,Normal,Male,Food and beverages,99.79,2,199.58,26.1415,209.559,Ewallet,5,9.979,8
1/21/2019,462-67-9126,Alex,Yangon,Normal,Male,Home and lifestyle,73.22,6,439.32,26.1415,461.286,Cash,5,21.966,7.2
2/19/2019,272-27-9238,Giza,Naypyitaw,Normal,Female,Food and beverages,41.24,4,164.96,26.1415,173.208,Cash,5,8.248,7.1
1/6/2019,834-25-9262,Giza,Naypyitaw,Normal,Female,Fashion accessories,81.68,4,326.72,26.1415,343.056,Cash,5,16.336,9.1
3/14/2019,122-61-9553,Giza,Naypyitaw,Normal,Female,Electronic accessories,51.32,9,461.88,26.1415,484.974,Cash,5,23.094,5.6
3/24/2019,468-88-0009,Alex,Yangon,Member,Male,Home and lifestyle,65.94,4,263.76,26.1415,276.948,Cash,5,13.188,6
1/27/2019,613-59-9758,Giza,Naypyitaw,Normal,Female,Sports and travel,14.36,10,143.6,26.1415,150.78,Cash,5,7.18,5.4
3/6/2019,254-31-0042,Alex,Yangon,Member,Male,Electronic accessories,21.5,9,193.5,26.1415,203.175,Credit card,5,9.675,7.8
2/2/2019,201-86-2184,Cairo,Mandalay,Member,Female,Electronic accessories,26.26,7,183.82,26.1415,193.011,Cash,5,9.191,9.9
1/25/2019,261-12-8671,Cairo,Mandalay,Normal,Female,Fashion accessories,60.96,2,121.92,26.1415,128.016,Credit card,5,6.096,4.9
3/14/2019,730-70-9830,Giza,Naypyitaw,Normal,Female,Home and lifestyle,70.11,6,420.66,26.1415,441.693,Ewallet,5,21.033,5.2
1/29/2019,382-25-8917,Giza,Naypyitaw,Normal,Male,Fashion accessories,42.08,6,252.48,26.1415,265.104,Cash,5,12.624,8.9
1/3/2019,422-29-8786,Alex,Yangon,Normal,Female,Home and lifestyle,67.09,5,335.45,26.1415,352.2225,Credit card,5,16.7725,9.1
1/14/2019,667-23-5919,Alex,Yangon,Member,Female,Fashion accessories,96.7,5,483.5,26.1415,507.675,Ewallet,5,24.175,7
1/5/2019,843-01-4703,Cairo,Mandalay,Member,Female,Home and lifestyle,35.38,9,318.42,26.1415,334.341,Credit card,5,15.921,9.6
2/22/2019,743-88-1662,Giza,Naypyitaw,Normal,Male,Sports and travel,95.49,7,668.43,26.1415,701.8515,Ewallet,5,33.4215,8.7
2/6/2019,595-86-2894,Giza,Naypyitaw,Member,Male,Fashion accessories,96.98,4,387.92,26.1415,407.316,Ewallet,5,19.396,9.4
1/30/2019,182-69-8360,Cairo,Mandalay,Normal,Female,Electronic accessories,23.65,4,94.6,26.1415,99.33,Credit card,5,4.73,4
1/11/2019,289-15-7034,Alex,Yangon,Member,Male,Sports and travel,82.33,4,329.32,26.1415,345.786,Credit card,5,16.466,7.5
3/19/2019,462-78-5240,Giza,Naypyitaw,Normal,Female,Electronic accessories,26.61,2,53.22,26.1415,55.881,Cash,5,2.661,4.2
1/14/2019,868-52-7573,Cairo,Mandalay,Normal,Female,Food and beverages,99.69,5,498.45,26.1415,523.3725,Cash,5,24.9225,9.9
3/1/2019,153-58-4872,Giza,Naypyitaw,Member,Female,Food and beverages,74.89,4,299.56,26.1415,314.538,Ewallet,5,14.978,4.2
1/6/2019,662-72-2873,Alex,Yangon,Normal,Female,Food and beverages,40.94,5,204.7,26.1415,214.935,Ewallet,5,10.235,9.9
1/31/2019,525-88-7307,Cairo,Mandalay,Member,Male,Sports and travel,75.82,1,75.82,26.1415,79.611,Cash,5,3.791,5.8
3/11/2019,689-16-9784,Giza,Naypyitaw,Normal,Male,Food and beverages,46.77,6,280.62,26.1415,294.651,Cash,5,14.031,6
2/20/2019,725-56-0833,Alex,Yangon,Normal,Female,Health and beauty,32.32,10,323.2,26.1415,339.36,Credit card,5,16.16,10
1/27/2019,394-41-0748,Giza,Naypyitaw,Member,Female,Fashion accessories,54.07,9,486.63,26.1415,510.9615,Ewallet,5,24.3315,9.5
3/10/2019,596-42-3999,Cairo,Mandalay,Normal,Male,Food and beverages,18.22,7,127.54,26.1415,133.917,Credit card,5,6.377,6.6
2/15/2019,541-89-9860,Giza,Naypyitaw,Member,Female,Fashion accessories,80.48,3,241.44,26.1415,253.512,Cash,5,12.072,8.1
1/26/2019,173-82-9529,Cairo,Mandalay,Normal,Female,Fashion accessories,37.95,10,379.5,26.1415,398.475,Cash,5,18.975,9.7
2/13/2019,563-36-9814,Alex,Yangon,Member,Male,Electronic accessories,76.82,1,76.82,26.1415,80.661,Ewallet,5,3.841,7.2
3/9/2019,308-47-4913,Alex,Yangon,Member,Female,Sports and travel,52.26,10,522.6,26.1415,548.73,Credit card,5,26.13,6.2
3/6/2019,885-17-6250,Alex,Yangon,Normal,Female,Health and beauty,79.74,1,79.74,26.1415,83.727,Ewallet,5,3.987,7.3
1/24/2019,726-27-2396,Alex,Yangon,Normal,Female,Health and beauty,77.5,5,387.5,26.1415,406.875,Ewallet,5,19.375,4.3
3/13/2019,316-01-3952,Alex,Yangon,Normal,Female,Food and beverages,54.27,5,271.35,26.1415,284.9175,Ewallet,5,13.5675,4.6
3/15/2019,760-54-1821,Cairo,Mandalay,Normal,Male,Home and lifestyle,13.59,9,122.31,26.1415,128.4255,Cash,5,6.1155,5.8
3/5/2019,793-10-3222,Cairo,Mandalay,Member,Female,Health and beauty,41.06,6,246.36,26.1415,258.678,Credit card,5,12.318,8.3
3/4/2019,346-12-3257,Cairo,Mandalay,Member,Male,Electronic accessories,19.24,9,173.16,26.1415,181.818,Cash,5,8.658,8
3/25/2019,110-05-6330,Giza,Naypyitaw,Normal,Female,Food and beverages,39.43,6,236.58,26.1415,248.409,Credit card,5,11.829,9.4
3/12/2019,651-61-0874,Giza,Naypyitaw,Normal,Male,Home and lifestyle,46.22,4,184.88,26.1415,194.124,Credit card,5,9.244,6.2
2/4/2019,236-86-3015,Giza,Naypyitaw,Member,Male,Home and lifestyle,13.98,1,13.98,26.1415,14.679,Ewallet,5,0.699,9.8
2/22/2019,831-64-0259,Cairo,Mandalay,Normal,Female,Fashion accessories,39.75,5,198.75,26.1415,208.6875,Ewallet,5,9.9375,9.6
2/16/2019,587-03-7455,Giza,Naypyitaw,Member,Female,Fashion accessories,97.79,7,684.53,26.1415,718.7565,Ewallet,5,34.2265,4.9
1/19/2019,882-40-4577,Alex,Yangon,Member,Male,Sports and travel,67.26,4,269.04,26.1415,282.492,Credit card,5,13.452,8
1/11/2019,732-67-5346,Alex,Yangon,Normal,Male,Food and beverages,13.79,5,68.95,26.1415,72.3975,Credit card,5,3.4475,7.8
1/4/2019,725-32-9708,Cairo,Mandalay,Member,Female,Fashion accessories,68.71,4,274.84,26.1415,288.582,Cash,5,13.742,4.1
3/4/2019,256-08-8343,Alex,Yangon,Normal,Female,Home and lifestyle,56.53,4,226.12,26.1415,237.426,Ewallet,5,11.306,5.5
1/28/2019,372-26-1506,Giza,Naypyitaw,Normal,Female,Fashion accessories,23.82,5,119.1,26.1415,125.055,Ewallet,5,5.955,5.4
1/2/2019,244-08-0162,Cairo,Mandalay,Normal,Female,Health and beauty,34.21,10,342.1,26.1415,359.205,Cash,5,17.105,5.1
1/25/2019,569-71-4390,Cairo,Mandalay,Normal,Male,Sports and travel,21.87,2,43.74,26.1415,45.927,Ewallet,5,2.187,6.9
1/4/2019,132-23-6451,Alex,Yangon,Member,Male,Health and beauty,20.97,5,104.85,26.1415,110.0925,Cash,5,5.2425,7.8
3/10/2019,696-90-2548,Alex,Yangon,Normal,Male,Sports and travel,25.84,3,77.52,26.1415,81.396,Ewallet,5,3.876,6.6
3/22/2019,472-15-9636,Alex,Yangon,Normal,Male,Home and lifestyle,50.93,8,407.44,26.1415,427.812,Ewallet,5,20.372,9.2
1/25/2019,268-03-6164,Cairo,Mandalay,Normal,Male,Health and beauty,96.11,1,96.11,26.1415,100.9155,Ewallet,5,4.8055,7.8
1/8/2019,750-57-9686,Giza,Naypyitaw,Normal,Female,Home and lifestyle,45.38,4,181.52,26.1415,190.596,Credit card,5,9.076,8.7
1/22/2019,186-09-3669,Giza,Naypyitaw,Member,Female,Health and beauty,81.51,1,81.51,26.1415,85.5855,Ewallet,5,4.0755,9.2
1/12/2019,848-07-1692,Cairo,Mandalay,Normal,Female,Health and beauty,57.22,2,114.44,26.1415,120.162,Ewallet,5,5.722,8.3
2/4/2019,745-71-3520,Alex,Yangon,Member,Female,Electronic accessories,25.22,7,176.54,26.1415,185.367,Cash,5,8.827,8.2
3/28/2019,266-76-6436,Giza,Naypyitaw,Member,Female,Food and beverages,38.6,3,115.8,26.1415,121.59,Ewallet,5,5.79,7.5
1/23/2019,740-22-2500,Giza,Naypyitaw,Normal,Female,Electronic accessories,84.05,3,252.15,26.1415,264.7575,Cash,5,12.6075,9.8
2/8/2019,271-88-8734,Giza,Naypyitaw,Member,Female,Fashion accessories,97.21,10,972.1,26.1415,1020.705,Credit card,5,48.605,8.7
3/19/2019,301-81-8610,Cairo,Mandalay,Member,Male,Fashion accessories,25.42,8,203.36,26.1415,213.528,Credit card,5,10.168,6.7
3/9/2019,489-64-4354,Giza,Naypyitaw,Normal,Male,Fashion accessories,16.28,1,16.28,26.1415,17.094,Cash,5,0.814,5
1/2/2019,198-84-7132,Cairo,Mandalay,Member,Male,Fashion accessories,40.61,9,365.49,26.1415,383.7645,Cash,5,18.2745,7
1/21/2019,269-10-8440,Alex,Yangon,Member,Male,Health and beauty,53.17,7,372.19,26.1415,390.7995,Cash,5,18.6095,8.9
3/20/2019,650-98-6268,Cairo,Mandalay,Member,Female,Food and beverages,20.87,3,62.61,26.1415,65.7405,Credit card,5,3.1305,8
2/27/2019,741-73-3559,Cairo,Mandalay,Normal,Male,Sports and travel,67.27,5,336.35,26.1415,353.1675,Cash,5,16.8175,6.9
3/8/2019,325-77-6186,Alex,Yangon,Member,Female,Home and lifestyle,90.65,10,906.5,26.1415,951.825,Ewallet,5,45.325,7.3
1/31/2019,286-75-7818,Cairo,Mandalay,Normal,Male,Fashion accessories,69.08,2,138.16,26.1415,145.068,Credit card,5,6.908,6.9
3/8/2019,574-57-9721,Giza,Naypyitaw,Normal,Male,Food and beverages,43.27,2,86.54,26.1415,90.867,Ewallet,5,4.327,5.7
1/13/2019,459-50-7686,Alex,Yangon,Normal,Female,Electronic accessories,23.46,6,140.76,26.1415,147.798,Ewallet,5,7.038,6.4
3/9/2019,616-87-0016,Cairo,Mandalay,Normal,Male,Fashion accessories,95.54,7,668.78,26.1415,702.219,Credit card,5,33.439,9.6
2/22/2019,837-55-7229,Cairo,Mandalay,Normal,Female,Fashion accessories,47.44,1,47.44,26.1415,49.812,Credit card,5,2.372,6.8
3/19/2019,751-69-0068,Giza,Naypyitaw,Normal,Male,Sports and travel,99.24,9,893.16,26.1415,937.818,Ewallet,5,44.658,9
1/20/2019,257-73-1380,Giza,Naypyitaw,Member,Male,Sports and travel,82.93,4,331.72,26.1415,348.306,Ewallet,5,16.586,9.6
3/8/2019,345-08-4992,Alex,Yangon,Normal,Male,Home and lifestyle,33.99,6,203.94,26.1415,214.137,Credit card,5,10.197,7.7
3/8/2019,549-96-4200,Giza,Naypyitaw,Member,Male,Food and beverages,17.04,4,68.16,26.1415,71.568,Ewallet,5,3.408,7
2/7/2019,810-60-6344,Giza,Naypyitaw,Normal,Female,Electronic accessories,40.86,8,326.88,26.1415,343.224,Credit card,5,16.344,6.5
1/15/2019,450-28-2866,Giza,Naypyitaw,Member,Male,Food and beverages,17.44,5,87.2,26.1415,91.56,Cash,5,4.36,8.1
3/22/2019,394-30-3170,Cairo,Mandalay,Member,Female,Sports and travel,88.43,8,707.44,26.1415,742.812,Credit card,5,35.372,4.3
1/15/2019,138-17-5109,Alex,Yangon,Member,Female,Home and lifestyle,89.21,9,802.89,26.1415,843.0345,Credit card,5,40.1445,6.5
1/8/2019,192-98-7397,Giza,Naypyitaw,Normal,Male,Fashion accessories,12.78,1,12.78,26.1415,13.419,Ewallet,5,0.639,9.5
1/15/2019,301-11-9629,Alex,Yangon,Normal,Female,Sports and travel,19.1,7,133.7,26.1415,140.385,Cash,5,6.685,9.7
1/28/2019,390-80-5128,Cairo,Mandalay,Member,Female,Health and beauty,19.15,1,19.15,26.1415,20.1075,Credit card,5,0.9575,9.5
2/14/2019,235-46-8343,Giza,Naypyitaw,Member,Male,Food and beverages,27.66,10,276.6,26.1415,290.43,Credit card,5,13.83,8.9
3/10/2019,453-12-7053,Giza,Naypyitaw,Normal,Male,Fashion accessories,45.74,3,137.22,26.1415,144.081,Credit card,5,6.861,6.5
1/12/2019,296-11-7041,Cairo,Mandalay,Member,Female,Health and beauty,27.07,1,27.07,26.1415,28.4235,Credit card,5,1.3535,5.3
3/26/2019,449-27-2918,Cairo,Mandalay,Member,Female,Sports and travel,39.12,1,39.12,26.1415,41.076,Credit card,5,1.956,9.6
1/1/2019,891-01-7034,Cairo,Mandalay,Normal,Female,Electronic accessories,74.71,6,448.26,26.1415,470.673,Cash,5,22.413,6.7
1/2/2019,744-09-5786,Cairo,Mandalay,Normal,Male,Electronic accessories,22.01,6,132.06,26.1415,138.663,Cash,5,6.603,7.6
3/16/2019,727-17-0390,Alex,Yangon,Normal,Female,Food and beverages,63.61,5,318.05,26.1415,333.9525,Ewallet,5,15.9025,4.8
3/3/2019,568-88-3448,Alex,Yangon,Normal,Male,Health and beauty,25,1,25,26.1415,26.25,Ewallet,5,1.25,5.5
1/31/2019,187-83-5490,Alex,Yangon,Member,Male,Electronic accessories,20.77,4,83.08,26.1415,87.234,Cash,5,4.154,4.7
2/13/2019,767-54-1907,Cairo,Mandalay,Member,Female,Fashion accessories,29.56,5,147.8,26.1415,155.19,Cash,5,7.39,6.9
2/15/2019,710-46-4433,Cairo,Mandalay,Member,Female,Food and beverages,77.4,9,696.6,26.1415,731.43,Credit card,5,34.83,4.5
2/7/2019,533-33-5337,Cairo,Mandalay,Normal,Male,Electronic accessories,79.39,10,793.9,26.1415,833.595,Cash,5,39.695,6.2
1/27/2019,325-90-8763,Giza,Naypyitaw,Member,Female,Electronic accessories,46.57,10,465.7,26.1415,488.985,Cash,5,23.285,7.6
2/23/2019,729-46-7422,Giza,Naypyitaw,Normal,Male,Food and beverages,35.89,1,35.89,26.1415,37.6845,Credit card,5,1.7945,7.9
2/3/2019,639-76-1242,Giza,Naypyitaw,Normal,Male,Food and beverages,40.52,5,202.6,26.1415,212.73,Cash,5,10.13,4.5
3/3/2019,234-03-4040,Cairo,Mandalay,Member,Female,Food and beverages,73.05,10,730.5,26.1415,767.025,Credit card,5,36.525,8.7
2/3/2019,326-71-2155,Giza,Naypyitaw,Normal,Female,Sports and travel,73.95,4,295.8,26.1415,310.59,Cash,5,14.79,6.1
3/17/2019,320-32-8842,Giza,Naypyitaw,Member,Female,Food and beverages,22.62,1,22.62,26.1415,23.751,Cash,5,1.131,6.4
3/28/2019,470-32-9057,Alex,Yangon,Member,Male,Food and beverages,51.34,5,256.7,26.1415,269.535,Credit card,5,12.835,9.1
3/2/2019,878-30-2331,Giza,Naypyitaw,Member,Female,Sports and travel,54.55,10,545.5,26.1415,572.775,Credit card,5,27.275,7.1
2/8/2019,440-59-5691,Giza,Naypyitaw,Member,Female,Health and beauty,37.15,7,260.05,26.1415,273.0525,Credit card,5,13.0025,7.7
3/22/2019,554-53-3790,Cairo,Mandalay,Normal,Male,Sports and travel,37.02,6,222.12,26.1415,233.226,Cash,5,11.106,4.5
2/9/2019,746-19-0921,Giza,Naypyitaw,Normal,Male,Food and beverages,21.58,1,21.58,26.1415,22.659,Ewallet,5,1.079,7.2
2/15/2019,233-34-0817,Giza,Naypyitaw,Member,Female,Electronic accessories,98.84,1,98.84,26.1415,103.782,Cash,5,4.942,8.4
1/23/2019,767-05-1286,Giza,Naypyitaw,Member,Female,Home and lifestyle,83.77,6,502.62,26.1415,527.751,Ewallet,5,25.131,5.4
1/25/2019,340-21-9136,Alex,Yangon,Member,Female,Sports and travel,40.05,4,160.2,26.1415,168.21,Cash,5,8.01,9.7
2/2/2019,405-31-3305,Alex,Yangon,Member,Male,Fashion accessories,43.13,10,431.3,26.1415,452.865,Credit card,5,21.565,5.5
3/30/2019,731-59-7531,Cairo,Mandalay,Member,Male,Health and beauty,72.57,8,580.56,26.1415,609.588,Cash,5,29.028,4.6
3/30/2019,676-39-6028,Alex,Yangon,Member,Female,Electronic accessories,64.44,5,322.2,26.1415,338.31,Cash,5,16.11,6.6
2/25/2019,502-05-1910,Alex,Yangon,Normal,Male,Health and beauty,65.18,3,195.54,26.1415,205.317,Credit card,5,9.777,6.3
3/18/2019,485-30-8700,Alex,Yangon,Normal,Female,Sports and travel,33.26,5,166.3,26.1415,174.615,Credit card,5,8.315,4.2
3/7/2019,598-47-9715,Giza,Naypyitaw,Normal,Male,Electronic accessories,84.07,4,336.28,26.1415,353.094,Ewallet,5,16.814,4.4
3/16/2019,701-69-8742,Cairo,Mandalay,Normal,Male,Sports and travel,34.37,10,343.7,26.1415,360.885,Ewallet,5,17.185,6.7
1/29/2019,575-67-1508,Alex,Yangon,Normal,Male,Electronic accessories,38.6,1,38.6,26.1415,40.53,Ewallet,5,1.93,6.7
2/2/2019,541-08-3113,Giza,Naypyitaw,Normal,Male,Food and beverages,65.97,8,527.76,26.1415,554.148,Cash,5,26.388,8.4
2/15/2019,246-11-3901,Giza,Naypyitaw,Normal,Female,Electronic accessories,32.8,10,328,26.1415,344.4,Cash,5,16.4,6.2
1/8/2019,674-15-9296,Alex,Yangon,Normal,Male,Sports and travel,37.14,5,185.7,26.1415,194.985,Ewallet,5,9.285,5
2/12/2019,305-18-3552,Cairo,Mandalay,Member,Male,Home and lifestyle,60.38,10,603.8,26.1415,633.99,Cash,5,30.19,6
1/1/2019,493-65-6248,Giza,Naypyitaw,Member,Female,Sports and travel,36.98,10,369.8,26.1415,388.29,Credit card,5,18.49,7
3/21/2019,438-01-4015,Cairo,Mandalay,Member,Female,Sports and travel,49.49,4,197.96,26.1415,207.858,Ewallet,5,9.898,6.6
2/28/2019,709-58-4068,Cairo,Mandalay,Normal,Female,Fashion accessories,41.09,10,410.9,26.1415,431.445,Cash,5,20.545,7.3
3/23/2019,795-49-7276,Alex,Yangon,Normal,Male,Fashion accessories,37.15,4,148.6,26.1415,156.03,Ewallet,5,7.43,8.3
1/30/2019,556-72-8512,Giza,Naypyitaw,Normal,Male,Home and lifestyle,22.96,1,22.96,26.1415,24.108,Cash,5,1.148,4.3
2/4/2019,627-95-3243,Cairo,Mandalay,Member,Female,Home and lifestyle,77.68,9,699.12,26.1415,734.076,Ewallet,5,34.956,9.8
3/13/2019,686-41-0932,Cairo,Mandalay,Normal,Female,Fashion accessories,34.7,2,69.4,26.1415,72.87,Ewallet,5,3.47,8.2
3/15/2019,510-09-5628,Alex,Yangon,Member,Female,Fashion accessories,19.66,10,196.6,26.1415,206.43,Credit card,5,9.83,7.2
3/5/2019,608-04-3797,Cairo,Mandalay,Member,Female,Health and beauty,25.32,8,202.56,26.1415,212.688,Ewallet,5,10.128,8.7
3/5/2019,148-82-2527,Giza,Naypyitaw,Member,Female,Home and lifestyle,12.12,10,121.2,26.1415,127.26,Credit card,5,6.06,8.4
2/26/2019,437-53-3084,Cairo,Mandalay,Normal,Male,Fashion accessories,99.89,2,199.78,26.1415,209.769,Ewallet,5,9.989,7.1
3/20/2019,632-32-4574,Cairo,Mandalay,Normal,Male,Sports and travel,75.92,8,607.36,26.1415,637.728,Cash,5,30.368,5.5
1/1/2019,556-97-7101,Giza,Naypyitaw,Normal,Female,Electronic accessories,63.22,2,126.44,26.1415,132.762,Cash,5,6.322,8.5
1/27/2019,862-59-8517,Giza,Naypyitaw,Normal,Female,Food and beverages,90.24,6,541.44,26.1415,568.512,Cash,5,27.072,6.2
1/21/2019,401-18-8016,Cairo,Mandalay,Member,Female,Sports and travel,98.13,1,98.13,26.1415,103.0365,Cash,5,4.9065,8.9
2/2/2019,420-18-8989,Alex,Yangon,Member,Female,Sports and travel,51.52,8,412.16,26.1415,432.768,Cash,5,20.608,9.6
2/3/2019,277-63-2961,Cairo,Mandalay,Member,Male,Sports and travel,73.97,1,73.97,26.1415,77.6685,Credit card,5,3.6985,5.4
1/5/2019,573-98-8548,Giza,Naypyitaw,Member,Female,Fashion accessories,31.9,1,31.9,26.1415,33.495,Ewallet,5,1.595,9.1
1/27/2019,620-02-2046,Giza,Naypyitaw,Normal,Male,Home and lifestyle,69.4,2,138.8,26.1415,145.74,Ewallet,5,6.94,9
3/25/2019,282-35-2475,Cairo,Mandalay,Normal,Female,Sports and travel,93.31,2,186.62,26.1415,195.951,Cash,5,9.331,6.3
2/25/2019,511-54-3087,Cairo,Mandalay,Normal,Male,Sports and travel,88.45,1,88.45,26.1415,92.8725,Credit card,5,4.4225,9.5
1/28/2019,726-29-6793,Alex,Yangon,Member,Male,Electronic accessories,24.18,8,193.44,26.1415,203.112,Ewallet,5,9.672,9.8
1/8/2019,387-49-4215,Cairo,Mandalay,Member,Female,Sports and travel,48.5,3,145.5,26.1415,152.775,Cash,5,7.275,6.7
1/29/2019,862-17-9201,Cairo,Mandalay,Normal,Female,Food and beverages,84.05,6,504.3,26.1415,529.515,Credit card,5,25.215,7.7
3/29/2019,291-21-5991,Cairo,Mandalay,Member,Male,Health and beauty,61.29,5,306.45,26.1415,321.7725,Cash,5,15.3225,7
2/9/2019,602-80-9671,Giza,Naypyitaw,Member,Female,Home and lifestyle,15.95,6,95.7,26.1415,100.485,Credit card,5,4.785,5.1
1/16/2019,347-72-6115,Cairo,Mandalay,Member,Female,Sports and travel,90.74,7,635.18,26.1415,666.939,Credit card,5,31.759,6.2
1/5/2019,209-61-0206,Alex,Yangon,Normal,Female,Home and lifestyle,42.91,5,214.55,26.1415,225.2775,Ewallet,5,10.7275,6.1
1/27/2019,595-27-4851,Alex,Yangon,Normal,Female,Fashion accessories,54.28,7,379.96,26.1415,398.958,Ewallet,5,18.998,9.3
3/14/2019,189-52-0236,Alex,Yangon,Normal,Male,Electronic accessories,99.55,7,696.85,26.1415,731.6925,Cash,5,34.8425,7.6
2/23/2019,503-07-0930,Giza,Naypyitaw,Member,Male,Sports and travel,58.39,7,408.73,26.1415,429.1665,Credit card,5,20.4365,8.2
3/18/2019,413-20-6708,Giza,Naypyitaw,Member,Female,Fashion accessories,51.47,1,51.47,26.1415,54.0435,Ewallet,5,2.5735,8.5
3/29/2019,425-85-2085,Cairo,Mandalay,Member,Male,Health and beauty,54.86,5,274.3,26.1415,288.015,Ewallet,5,13.715,9.8
1/22/2019,521-18-7827,Giza,Naypyitaw,Member,Male,Home and lifestyle,39.39,5,196.95,26.1415,206.7975,Credit card,5,9.8475,8.7
3/1/2019,220-28-1851,Alex,Yangon,Normal,Male,Home and lifestyle,34.73,2,69.46,26.1415,72.933,Ewallet,5,3.473,9.7
1/17/2019,600-38-9738,Giza,Naypyitaw,Member,Male,Sports and travel,71.92,5,359.6,26.1415,377.58,Credit card,5,17.98,4.3
3/26/2019,734-91-1155,Cairo,Mandalay,Normal,Female,Electronic accessories,45.71,3,137.13,26.1415,143.9865,Credit card,5,6.8565,7.7
3/20/2019,451-28-5717,Giza,Naypyitaw,Member,Female,Home and lifestyle,83.17,6,499.02,26.1415,523.971,Cash,5,24.951,7.3
2/6/2019,609-81-8548,Alex,Yangon,Member,Female,Home and lifestyle,37.44,6,224.64,26.1415,235.872,Credit card,5,11.232,5.9
1/1/2019,133-14-7229,Giza,Naypyitaw,Normal,Male,Health and beauty,62.87,2,125.74,26.1415,132.027,Cash,5,6.287,5
1/27/2019,534-01-4457,Alex,Yangon,Normal,Male,Food and beverages,81.71,6,490.26,26.1415,514.773,Credit card,5,24.513,8
2/25/2019,719-89-8991,Alex,Yangon,Member,Female,Sports and travel,91.41,5,457.05,26.1415,479.9025,Ewallet,5,22.8525,7.1
1/16/2019,286-62-6248,Cairo,Mandalay,Normal,Male,Fashion accessories,39.21,4,156.84,26.1415,164.682,Credit card,5,7.842,9
1/13/2019,339-38-9982,Cairo,Mandalay,Member,Male,Fashion accessories,59.86,2,119.72,26.1415,125.706,Ewallet,5,5.986,6.7
2/7/2019,827-44-5872,Cairo,Mandalay,Member,Female,Food and beverages,54.36,10,543.6,26.1415,570.78,Credit card,5,27.18,6.1
2/17/2019,827-77-7633,Alex,Yangon,Normal,Male,Sports and travel,98.09,9,882.81,26.1415,926.9505,Cash,5,44.1405,9.3
2/12/2019,287-83-1405,Alex,Yangon,Normal,Male,Health and beauty,25.43,6,152.58,26.1415,160.209,Ewallet,5,7.629,7
1/24/2019,435-13-4908,Alex,Yangon,Member,Male,Fashion accessories,86.68,8,693.44,26.1415,728.112,Credit card,5,34.672,7.2
2/6/2019,857-67-9057,Cairo,Mandalay,Normal,Male,Electronic accessories,22.95,10,229.5,26.1415,240.975,Ewallet,5,11.475,8.2
3/26/2019,236-27-1144,Giza,Naypyitaw,Normal,Female,Food and beverages,16.31,9,146.79,26.1415,154.1295,Ewallet,5,7.3395,8.4
3/11/2019,892-05-6689,Alex,Yangon,Normal,Female,Home and lifestyle,28.32,5,141.6,26.1415,148.68,Ewallet,5,7.08,6.2
2/7/2019,583-41-4548,Giza,Naypyitaw,Normal,Male,Home and lifestyle,16.67,7,116.69,26.1415,122.5245,Ewallet,5,5.8345,7.4
1/5/2019,339-12-4827,Cairo,Mandalay,Member,Female,Fashion accessories,73.96,1,73.96,26.1415,77.658,Credit card,5,3.698,5
3/7/2019,643-38-7867,Alex,Yangon,Normal,Male,Home and lifestyle,97.94,1,97.94,26.1415,102.837,Ewallet,5,4.897,6.9
2/25/2019,308-81-0538,Alex,Yangon,Normal,Female,Fashion accessories,73.05,4,292.2,26.1415,306.81,Credit card,5,14.61,4.9
2/1/2019,358-88-9262,Giza,Naypyitaw,Member,Female,Food and beverages,87.48,6,524.88,26.1415,551.124,Ewallet,5,26.244,5.1
1/22/2019,460-35-4390,Alex,Yangon,Normal,Male,Home and lifestyle,30.68,3,92.04,26.1415,96.642,Ewallet,5,4.602,9.1
1/3/2019,343-87-0864,Giza,Naypyitaw,Member,Male,Health and beauty,75.88,1,75.88,26.1415,79.674,Credit card,5,3.794,7.1
2/13/2019,173-50-1108,Cairo,Mandalay,Member,Female,Sports and travel,20.18,4,80.72,26.1415,84.756,Credit card,5,4.036,5
1/28/2019,243-47-2663,Giza,Naypyitaw,Member,Male,Electronic accessories,18.77,6,112.62,26.1415,118.251,Credit card,5,5.631,5.5
1/5/2019,841-18-8232,Cairo,Mandalay,Normal,Female,Food and beverages,71.2,1,71.2,26.1415,74.76,Credit card,5,3.56,9.2
3/19/2019,701-23-5550,Cairo,Mandalay,Member,Male,Home and lifestyle,38.81,4,155.24,26.1415,163.002,Ewallet,5,7.762,4.9
1/12/2019,647-50-1224,Alex,Yangon,Normal,Female,Fashion accessories,29.42,10,294.2,26.1415,308.91,Ewallet,5,14.71,8.9
1/7/2019,541-48-8554,Alex,Yangon,Normal,Male,Sports and travel,60.95,9,548.55,26.1415,575.9775,Credit card,5,27.4275,6
1/26/2019,539-21-7227,Cairo,Mandalay,Normal,Female,Sports and travel,51.54,5,257.7,26.1415,270.585,Cash,5,12.885,4.2
1/23/2019,213-32-1216,Alex,Yangon,Normal,Female,Electronic accessories,66.06,6,396.36,26.1415,416.178,Cash,5,19.818,7.3
2/9/2019,747-58-7183,Cairo,Mandalay,Normal,Male,Fashion accessories,57.27,3,171.81,26.1415,180.4005,Ewallet,5,8.5905,6.5
2/22/2019,582-52-8065,Cairo,Mandalay,Normal,Female,Fashion accessories,54.31,9,488.79,26.1415,513.2295,Cash,5,24.4395,8.9
2/5/2019,210-57-1719,Cairo,Mandalay,Normal,Female,Health and beauty,58.24,9,524.16,26.1415,550.368,Cash,5,26.208,9.7
3/7/2019,399-69-4630,Giza,Naypyitaw,Normal,Male,Electronic accessories,22.21,6,133.26,26.1415,139.923,Credit card,5,6.663,8.6
3/25/2019,134-75-2619,Alex,Yangon,Member,Male,Electronic accessories,19.32,7,135.24,26.1415,142.002,Cash,5,6.762,6.9
1/20/2019,356-44-8813,Cairo,Mandalay,Normal,Male,Home and lifestyle,37.48,3,112.44,26.1415,118.062,Credit card,5,5.622,7.7
2/4/2019,198-66-9832,Cairo,Mandalay,Member,Female,Fashion accessories,72.04,2,144.08,26.1415,151.284,Cash,5,7.204,9.5
1/30/2019,283-26-5248,Giza,Naypyitaw,Member,Female,Food and beverages,98.52,10,985.2,26.1415,1034.46,Ewallet,5,49.26,4.5
1/2/2019,712-39-0363,Alex,Yangon,Member,Male,Food and beverages,41.66,6,249.96,26.1415,262.458,Ewallet,5,12.498,5.6
3/29/2019,218-59-9410,Alex,Yangon,Member,Female,Home and lifestyle,72.42,3,217.26,26.1415,228.123,Ewallet,5,10.863,8.2
3/14/2019,174-75-0888,Cairo,Mandalay,Normal,Male,Electronic accessories,21.58,9,194.22,26.1415,203.931,Cash,5,9.711,7.3
2/11/2019,866-99-7614,Giza,Naypyitaw,Normal,Male,Food and beverages,89.2,10,892,26.1415,936.6,Credit card,5,44.6,4.4
1/30/2019,134-54-4720,Cairo,Mandalay,Normal,Female,Electronic accessories,42.42,8,339.36,26.1415,356.328,Ewallet,5,16.968,5.7
3/20/2019,760-90-2357,Alex,Yangon,Member,Male,Electronic accessories,74.51,6,447.06,26.1415,469.413,Ewallet,5,22.353,5
3/20/2019,514-37-2845,Cairo,Mandalay,Normal,Male,Fashion accessories,99.25,2,198.5,26.1415,208.425,Cash,5,9.925,9
1/17/2019,698-98-5964,Alex,Yangon,Normal,Female,Food and beverages,81.21,10,812.1,26.1415,852.705,Credit card,5,40.605,6.3
2/3/2019,718-57-9773,Giza,Naypyitaw,Normal,Female,Sports and travel,49.33,10,493.3,26.1415,517.965,Credit card,5,24.665,9.4
1/1/2019,651-88-7328,Alex,Yangon,Normal,Female,Fashion accessories,65.74,9,591.66,26.1415,621.243,Cash,5,29.583,7.7
1/10/2019,241-11-2261,Cairo,Mandalay,Normal,Female,Fashion accessories,79.86,7,559.02,26.1415,586.971,Credit card,5,27.951,5.5
3/2/2019,408-26-9866,Giza,Naypyitaw,Normal,Female,Sports and travel,73.98,7,517.86,26.1415,543.753,Ewallet,5,25.893,4.1
2/25/2019,834-83-1826,Cairo,Mandalay,Member,Female,Home and lifestyle,82.04,5,410.2,26.1415,430.71,Credit card,5,20.51,7.6
1/29/2019,343-61-3544,Cairo,Mandalay,Member,Male,Sports and travel,26.67,10,266.7,26.1415,280.035,Cash,5,13.335,8.6
3/10/2019,239-48-4278,Alex,Yangon,Member,Male,Food and beverages,10.13,7,70.91,26.1415,74.4555,Ewallet,5,3.5455,8.3
1/13/2019,355-34-6244,Cairo,Mandalay,Normal,Male,Food and beverages,72.39,2,144.78,26.1415,152.019,Credit card,5,7.239,8.1
3/22/2019,550-84-8664,Alex,Yangon,Normal,Male,Sports and travel,85.91,5,429.55,26.1415,451.0275,Credit card,5,21.4775,8.6
3/1/2019,339-96-8318,Cairo,Mandalay,Member,Male,Fashion accessories,81.31,7,569.17,26.1415,597.6285,Ewallet,5,28.4585,6.3
2/20/2019,458-61-0011,Cairo,Mandalay,Normal,Male,Food and beverages,60.3,4,241.2,26.1415,253.26,Cash,5,12.06,5.8
1/14/2019,592-34-6155,Giza,Naypyitaw,Normal,Male,Food and beverages,31.77,4,127.08,26.1415,133.434,Ewallet,5,6.354,6.2
3/26/2019,797-88-0493,Alex,Yangon,Normal,Female,Health and beauty,64.27,4,257.08,26.1415,269.934,Cash,5,12.854,7.7
3/1/2019,207-73-1363,Cairo,Mandalay,Normal,Male,Health and beauty,69.51,2,139.02,26.1415,145.971,Ewallet,5,6.951,8.1
1/7/2019,390-31-6381,Giza,Naypyitaw,Normal,Male,Food and beverages,27.22,3,81.66,26.1415,85.743,Cash,5,4.083,7.3
2/1/2019,443-82-0585,Alex,Yangon,Member,Female,Health and beauty,77.68,4,310.72,26.1415,326.256,Cash,5,15.536,8.4
2/13/2019,339-18-7061,Giza,Naypyitaw,Member,Female,Fashion accessories,92.98,2,185.96,26.1415,195.258,Credit card,5,9.298,8
1/14/2019,359-90-3665,Cairo,Mandalay,Member,Female,Fashion accessories,18.08,4,72.32,26.1415,75.936,Credit card,5,3.616,9.5
1/19/2019,375-72-3056,Cairo,Mandalay,Normal,Male,Sports and travel,63.06,3,189.18,26.1415,198.639,Ewallet,5,9.459,7
3/9/2019,127-47-6963,Alex,Yangon,Normal,Male,Health and beauty,51.71,4,206.84,26.1415,217.182,Credit card,5,10.342,9.8
3/27/2019,278-86-2735,Alex,Yangon,Normal,Female,Food and beverages,52.34,3,157.02,26.1415,164.871,Cash,5,7.851,9.2
2/4/2019,695-28-6250,Alex,Yangon,Normal,Female,Sports and travel,43.06,5,215.3,26.1415,226.065,Ewallet,5,10.765,7.7
3/14/2019,379-17-6588,Giza,Naypyitaw,Normal,Male,Fashion accessories,59.61,10,596.1,26.1415,625.905,Cash,5,29.805,5.3
3/4/2019,227-50-3718,Alex,Yangon,Normal,Male,Health and beauty,14.62,5,73.1,26.1415,76.755,Cash,5,3.655,4.4
3/3/2019,302-15-2162,Giza,Naypyitaw,Member,Male,Health and beauty,46.53,6,279.18,26.1415,293.139,Credit card,5,13.959,4.3
1/27/2019,788-07-8452,Giza,Naypyitaw,Member,Female,Home and lifestyle,24.24,7,169.68,26.1415,178.164,Ewallet,5,8.484,9.4
2/7/2019,560-49-6611,Alex,Yangon,Member,Female,Sports and travel,45.58,1,45.58,26.1415,47.859,Cash,5,2.279,9.8
2/5/2019,880-35-0356,Alex,Yangon,Member,Female,Sports and travel,75.2,3,225.6,26.1415,236.88,Ewallet,5,11.28,4.8
3/15/2019,585-11-6748,Cairo,Mandalay,Member,Male,Sports and travel,96.8,3,290.4,26.1415,304.92,Cash,5,14.52,5.3
3/1/2019,470-31-3286,Cairo,Mandalay,Normal,Male,Health and beauty,14.82,3,44.46,26.1415,46.683,Credit card,5,2.223,8.7
2/15/2019,152-68-2907,Alex,Yangon,Normal,Male,Food and beverages,52.2,3,156.6,26.1415,164.43,Credit card,5,7.83,9.5
2/17/2019,123-35-4896,Giza,Naypyitaw,Normal,Female,Sports and travel,46.66,9,419.94,26.1415,440.937,Ewallet,5,20.997,5.3
1/26/2019,258-69-7810,Giza,Naypyitaw,Normal,Female,Fashion accessories,36.85,5,184.25,26.1415,193.4625,Cash,5,9.2125,9.2
3/24/2019,334-64-2006,Alex,Yangon,Member,Female,Home and lifestyle,70.32,2,140.64,26.1415,147.672,Ewallet,5,7.032,9.6
1/23/2019,219-61-4139,Giza,Naypyitaw,Normal,Male,Electronic accessories,83.08,1,83.08,26.1415,87.234,Ewallet,5,4.154,6.4
1/26/2019,881-41-7302,Giza,Naypyitaw,Normal,Female,Fashion accessories,64.99,1,64.99,26.1415,68.2395,Credit card,5,3.2495,4.5
3/14/2019,373-09-4567,Giza,Naypyitaw,Normal,Male,Food and beverages,77.56,10,775.6,26.1415,814.38,Ewallet,5,38.78,6.9
3/17/2019,642-30-6693,Cairo,Mandalay,Normal,Female,Sports and travel,54.51,6,327.06,26.1415,343.413,Ewallet,5,16.353,7.8
1/8/2019,484-22-8230,Giza,Naypyitaw,Member,Female,Fashion accessories,51.89,7,363.23,26.1415,381.3915,Cash,5,18.1615,4.5
2/8/2019,830-58-2383,Cairo,Mandalay,Normal,Male,Home and lifestyle,31.75,4,127,26.1415,133.35,Cash,5,6.35,8.6
2/10/2019,559-98-9873,Alex,Yangon,Member,Female,Fashion accessories,53.65,7,375.55,26.1415,394.3275,Ewallet,5,18.7775,5.2
3/28/2019,544-32-5024,Giza,Naypyitaw,Member,Female,Food and beverages,49.79,4,199.16,26.1415,209.118,Credit card,5,9.958,6.4
1/23/2019,318-12-0304,Alex,Yangon,Normal,Male,Fashion accessories,30.61,1,30.61,26.1415,32.1405,Ewallet,5,1.5305,5.2
1/17/2019,349-97-8902,Cairo,Mandalay,Member,Male,Food and beverages,57.89,2,115.78,26.1415,121.569,Ewallet,5,5.789,8.9
2/7/2019,421-95-9805,Alex,Yangon,Normal,Female,Electronic accessories,28.96,1,28.96,26.1415,30.408,Credit card,5,1.448,6.2
3/9/2019,277-35-5865,Giza,Naypyitaw,Member,Female,Food and beverages,98.97,9,890.73,26.1415,935.2665,Cash,5,44.5365,6.7
1/24/2019,789-23-8625,Cairo,Mandalay,Member,Male,Fashion accessories,93.22,3,279.66,26.1415,293.643,Cash,5,13.983,7.2
1/19/2019,284-54-4231,Giza,Naypyitaw,Member,Male,Sports and travel,80.93,1,80.93,26.1415,84.9765,Credit card,5,4.0465,9
2/3/2019,443-59-0061,Alex,Yangon,Member,Male,Food and beverages,67.45,10,674.5,26.1415,708.225,Ewallet,5,33.725,4.2
3/20/2019,509-29-3912,Alex,Yangon,Member,Female,Sports and travel,38.72,9,348.48,26.1415,365.904,Ewallet,5,17.424,4.2
1/13/2019,327-40-9673,Cairo,Mandalay,Member,Male,Sports and travel,72.6,6,435.6,26.1415,457.38,Cash,5,21.78,6.9
3/14/2019,840-19-2096,Giza,Naypyitaw,Member,Male,Electronic accessories,87.91,5,439.55,26.1415,461.5275,Ewallet,5,21.9775,4.4
1/23/2019,828-46-6863,Alex,Yangon,Member,Male,Food and beverages,98.53,6,591.18,26.1415,620.739,Credit card,5,29.559,4
2/7/2019,641-96-3695,Giza,Naypyitaw,Member,Female,Fashion accessories,43.46,6,260.76,26.1415,273.798,Ewallet,5,13.038,8.5
3/28/2019,420-97-3340,Alex,Yangon,Normal,Female,Food and beverages,71.68,3,215.04,26.1415,225.792,Credit card,5,10.752,9.2
3/20/2019,436-54-4512,Alex,Yangon,Member,Female,Food and beverages,91.61,1,91.61,26.1415,96.1905,Cash,5,4.5805,9.8
1/17/2019,670-79-6321,Cairo,Mandalay,Member,Female,Home and lifestyle,94.59,7,662.13,26.1415,695.2365,Credit card,5,33.1065,4.9
1/12/2019,852-62-7105,Cairo,Mandalay,Normal,Female,Fashion accessories,83.25,10,832.5,26.1415,874.125,Credit card,5,41.625,4.4
2/16/2019,598-06-7312,Cairo,Mandalay,Member,Male,Fashion accessories,91.35,1,91.35,26.1415,95.9175,Cash,5,4.5675,6.8
1/26/2019,135-13-8269,Cairo,Mandalay,Member,Female,Food and beverages,78.88,2,157.76,26.1415,165.648,Cash,5,7.888,9.1
3/9/2019,816-57-2053,Alex,Yangon,Normal,Male,Sports and travel,60.87,2,121.74,26.1415,127.827,Ewallet,5,6.087,8.7
3/14/2019,628-90-8624,Cairo,Mandalay,Member,Male,Health and beauty,82.58,10,825.8,26.1415,867.09,Cash,5,41.29,5
1/25/2019,856-66-2701,Alex,Yangon,Member,Male,Home and lifestyle,53.3,3,159.9,26.1415,167.895,Ewallet,5,7.995,7.5
1/26/2019,308-39-1707,Alex,Yangon,Normal,Female,Fashion accessories,12.09,1,12.09,26.1415,12.6945,Credit card,5,0.6045,8.2
1/19/2019,149-61-1929,Alex,Yangon,Normal,Male,Sports and travel,64.19,10,641.9,26.1415,673.995,Credit card,5,32.095,6.7
3/5/2019,655-07-2265,Alex,Yangon,Normal,Male,Electronic accessories,78.31,3,234.93,26.1415,246.6765,Ewallet,5,11.7465,5.4
1/15/2019,589-02-8023,Alex,Yangon,Member,Male,Food and beverages,83.77,2,167.54,26.1415,175.917,Credit card,5,8.377,7
3/18/2019,420-04-7590,Cairo,Mandalay,Normal,Male,Home and lifestyle,99.7,3,299.1,26.1415,314.055,Ewallet,5,14.955,4.7
3/20/2019,182-88-2763,Cairo,Mandalay,Member,Male,Food and beverages,79.91,3,239.73,26.1415,251.7165,Credit card,5,11.9865,5
1/15/2019,188-55-0967,Cairo,Mandalay,Member,Male,Health and beauty,66.47,10,664.7,26.1415,697.935,Credit card,5,33.235,5
3/3/2019,610-46-4100,Alex,Yangon,Normal,Male,Health and beauty,28.95,7,202.65,26.1415,212.7825,Credit card,5,10.1325,6
3/19/2019,318-81-2368,Giza,Naypyitaw,Normal,Female,Electronic accessories,46.2,1,46.2,26.1415,48.51,Cash,5,2.31,6.3
3/8/2019,364-33-8584,Cairo,Mandalay,Member,Female,Food and beverages,17.63,5,88.15,26.1415,92.5575,Cash,5,4.4075,8.5
2/27/2019,665-63-9737,Cairo,Mandalay,Normal,Male,Fashion accessories,52.42,3,157.26,26.1415,165.123,Ewallet,5,7.863,7.5
2/23/2019,695-09-5146,Cairo,Mandalay,Member,Female,Food and beverages,98.79,3,296.37,26.1415,311.1885,Ewallet,5,14.8185,6.4
3/19/2019,155-45-3814,Giza,Naypyitaw,Member,Female,Electronic accessories,88.55,8,708.4,26.1415,743.82,Ewallet,5,35.42,4.7
3/27/2019,794-32-2436,Cairo,Mandalay,Member,Male,Electronic accessories,55.67,2,111.34,26.1415,116.907,Ewallet,5,5.567,6
3/30/2019,131-15-8856,Giza,Naypyitaw,Member,Female,Food and beverages,72.52,8,580.16,26.1415,609.168,Credit card,5,29.008,4
2/16/2019,273-84-2164,Giza,Naypyitaw,Member,Male,Electronic accessories,12.05,5,60.25,26.1415,63.2625,Ewallet,5,3.0125,5.5
1/18/2019,706-36-6154,Alex,Yangon,Member,Male,Home and lifestyle,19.36,9,174.24,26.1415,182.952,Ewallet,5,8.712,8.7
3/30/2019,778-89-7974,Giza,Naypyitaw,Normal,Male,Health and beauty,70.21,6,421.26,26.1415,442.323,Cash,5,21.063,7.4
3/20/2019,574-31-8277,Cairo,Mandalay,Member,Male,Fashion accessories,33.63,1,33.63,26.1415,35.3115,Cash,5,1.6815,5.6
1/16/2019,859-71-0933,Giza,Naypyitaw,Member,Female,Sports and travel,15.49,2,30.98,26.1415,32.529,Cash,5,1.549,6.3
2/24/2019,740-11-5257,Giza,Naypyitaw,Normal,Male,Electronic accessories,24.74,10,247.4,26.1415,259.77,Cash,5,12.37,7.1
1/15/2019,369-82-2676,Cairo,Mandalay,Normal,Male,Electronic accessories,75.66,5,378.3,26.1415,397.215,Ewallet,5,18.915,7.8
1/22/2019,563-47-4072,Cairo,Mandalay,Normal,Female,Health and beauty,55.81,6,334.86,26.1415,351.603,Cash,5,16.743,9.9
2/3/2019,742-04-5161,Alex,Yangon,Member,Male,Home and lifestyle,72.78,10,727.8,26.1415,764.19,Cash,5,36.39,7.3
3/6/2019,149-15-7606,Cairo,Mandalay,Member,Male,Sports and travel,37.32,9,335.88,26.1415,352.674,Ewallet,5,16.794,5.1
2/16/2019,133-77-3154,Cairo,Mandalay,Member,Male,Fashion accessories,60.18,4,240.72,26.1415,252.756,Credit card,5,12.036,9.4
3/14/2019,169-52-4504,Alex,Yangon,Normal,Female,Electronic accessories,15.69,3,47.07,26.1415,49.4235,Credit card,5,2.3535,5.8
2/27/2019,250-81-7186,Giza,Naypyitaw,Normal,Female,Electronic accessories,99.69,1,99.69,26.1415,104.6745,Credit card,5,4.9845,8
1/18/2019,562-12-5430,Alex,Yangon,Member,Female,Fashion accessories,88.15,3,264.45,26.1415,277.6725,Ewallet,5,13.2225,7.9
1/29/2019,816-72-8853,Alex,Yangon,Member,Female,Sports and travel,27.93,5,139.65,26.1415,146.6325,Cash,5,6.9825,5.9
2/26/2019,491-38-3499,Alex,Yangon,Member,Male,Fashion accessories,55.45,1,55.45,26.1415,58.2225,Credit card,5,2.7725,4.9
2/3/2019,322-02-2271,Cairo,Mandalay,Normal,Female,Sports and travel,42.97,3,128.91,26.1415,135.3555,Cash,5,6.4455,9.3
1/16/2019,842-29-4695,Giza,Naypyitaw,Member,Male,Sports and travel,17.14,7,119.98,26.1415,125.979,Credit card,5,5.999,7.9
3/24/2019,725-67-2480,Cairo,Mandalay,Member,Female,Fashion accessories,58.75,6,352.5,26.1415,370.125,Credit card,5,17.625,5.9
2/12/2019,641-51-2661,Giza,Naypyitaw,Member,Female,Food and beverages,87.1,10,871,26.1415,914.55,Credit card,5,43.55,9.9
2/21/2019,714-02-3114,Giza,Naypyitaw,Normal,Female,Sports and travel,98.8,2,197.6,26.1415,207.48,Cash,5,9.88,7.7
2/4/2019,518-17-2983,Alex,Yangon,Normal,Female,Fashion accessories,48.63,4,194.52,26.1415,204.246,Ewallet,5,9.726,7.6
2/20/2019,779-42-2410,Cairo,Mandalay,Member,Male,Food and beverages,57.74,3,173.22,26.1415,181.881,Ewallet,5,8.661,7.7
2/23/2019,190-14-3147,Cairo,Mandalay,Normal,Female,Health and beauty,17.97,4,71.88,26.1415,75.474,Ewallet,5,3.594,6.4
2/16/2019,408-66-6712,Giza,Naypyitaw,Member,Female,Health and beauty,47.71,6,286.26,26.1415,300.573,Ewallet,5,14.313,4.4
1/17/2019,679-22-6530,Cairo,Mandalay,Normal,Female,Sports and travel,40.62,2,81.24,26.1415,85.302,Credit card,5,4.062,4.1
1/14/2019,588-47-8641,Alex,Yangon,Member,Male,Fashion accessories,56.04,10,560.4,26.1415,588.42,Ewallet,5,28.02,4.4
3/30/2019,642-61-4706,Cairo,Mandalay,Member,Male,Food and beverages,93.4,2,186.8,26.1415,196.14,Cash,5,9.34,5.5
3/2/2019,576-31-4774,Cairo,Mandalay,Normal,Female,Health and beauty,73.41,3,220.23,26.1415,231.2415,Ewallet,5,11.0115,4
2/15/2019,556-41-6224,Giza,Naypyitaw,Normal,Male,Health and beauty,33.64,8,269.12,26.1415,282.576,Credit card,5,13.456,9.3
3/1/2019,811-03-8790,Alex,Yangon,Normal,Female,Electronic accessories,45.48,10,454.8,26.1415,477.54,Credit card,5,22.74,4.8
2/24/2019,242-11-3142,Cairo,Mandalay,Member,Male,Fashion accessories,83.77,2,167.54,26.1415,175.917,Cash,5,8.377,4.6
2/19/2019,752-23-3760,Cairo,Mandalay,Member,Female,Sports and travel,64.08,7,448.56,26.1415,470.988,Credit card,5,22.428,7.3
2/23/2019,274-05-5470,Alex,Yangon,Member,Female,Food and beverages,73.47,4,293.88,26.1415,308.574,Cash,5,14.694,6
2/7/2019,648-94-3045,Giza,Naypyitaw,Normal,Male,Health and beauty,58.95,10,589.5,26.1415,618.975,Ewallet,5,29.475,8.1
1/11/2019,130-67-4723,Alex,Yangon,Member,Male,Food and beverages,48.5,6,291,26.1415,305.55,Ewallet,5,14.55,9.4
2/12/2019,528-87-5606,Cairo,Mandalay,Member,Female,Electronic accessories,39.48,1,39.48,26.1415,41.454,Cash,5,1.974,6.5
1/14/2019,320-85-2052,Cairo,Mandalay,Normal,Female,Sports and travel,34.81,1,34.81,26.1415,36.5505,Credit card,5,1.7405,7
1/9/2019,370-96-0655,Giza,Naypyitaw,Normal,Female,Fashion accessories,49.32,6,295.92,26.1415,310.716,Ewallet,5,14.796,7.1
2/27/2019,105-10-6182,Alex,Yangon,Member,Male,Fashion accessories,21.48,2,42.96,26.1415,45.108,Ewallet,5,2.148,6.6
1/24/2019,510-79-0415,Cairo,Mandalay,Member,Female,Sports and travel,23.08,6,138.48,26.1415,145.404,Ewallet,5,6.924,4.9
1/8/2019,241-96-5076,Cairo,Mandalay,Member,Female,Home and lifestyle,49.1,2,98.2,26.1415,103.11,Credit card,5,4.91,6.4
1/8/2019,767-97-4650,Cairo,Mandalay,Member,Female,Sports and travel,64.83,2,129.66,26.1415,136.143,Credit card,5,6.483,8
1/16/2019,648-83-1321,Alex,Yangon,Member,Male,Home and lifestyle,63.56,10,635.6,26.1415,667.38,Cash,5,31.78,4.3
3/13/2019,173-57-2300,Giza,Naypyitaw,Member,Male,Sports and travel,72.88,2,145.76,26.1415,153.048,Cash,5,7.288,6.1
2/15/2019,305-03-2383,Alex,Yangon,Normal,Female,Food and beverages,67.1,3,201.3,26.1415,211.365,Cash,5,10.065,7.5
1/25/2019,394-55-6384,Giza,Naypyitaw,Member,Female,Sports and travel,70.19,9,631.71,26.1415,663.2955,Cash,5,31.5855,6.7
3/12/2019,266-20-6657,Giza,Naypyitaw,Member,Male,Food and beverages,55.04,7,385.28,26.1415,404.544,Ewallet,5,19.264,5.2
3/4/2019,689-05-1884,Alex,Yangon,Member,Male,Health and beauty,48.63,10,486.3,26.1415,510.615,Cash,5,24.315,8.8
2/10/2019,196-01-2849,Giza,Naypyitaw,Member,Female,Fashion accessories,73.38,7,513.66,26.1415,539.343,Cash,5,25.683,9.5
1/16/2019,372-62-5264,Giza,Naypyitaw,Normal,Female,Food and beverages,52.6,9,473.4,26.1415,497.07,Cash,5,23.67,7.6
1/29/2019,800-09-8606,Alex,Yangon,Member,Female,Home and lifestyle,87.37,5,436.85,26.1415,458.6925,Cash,5,21.8425,6.6
1/1/2019,182-52-7000,Alex,Yangon,Member,Female,Sports and travel,27.04,4,108.16,26.1415,113.568,Ewallet,5,5.408,6.9
1/6/2019,826-58-8051,Cairo,Mandalay,Normal,Male,Home and lifestyle,62.19,4,248.76,26.1415,261.198,Ewallet,5,12.438,4.3
2/19/2019,868-06-0466,Alex,Yangon,Member,Male,Electronic accessories,69.58,9,626.22,26.1415,657.531,Credit card,5,31.311,7.8
1/12/2019,751-41-9720,Giza,Naypyitaw,Normal,Male,Home and lifestyle,97.5,10,975,26.1415,1023.75,Ewallet,5,48.75,8
2/7/2019,626-43-7888,Giza,Naypyitaw,Normal,Female,Fashion accessories,60.41,8,483.28,26.1415,507.444,Ewallet,5,24.164,9.6
3/27/2019,176-64-7711,Cairo,Mandalay,Normal,Male,Food and beverages,32.32,3,96.96,26.1415,101.808,Credit card,5,4.848,4.3
2/27/2019,191-29-0321,Cairo,Mandalay,Member,Female,Fashion accessories,19.77,10,197.7,26.1415,207.585,Credit card,5,9.885,5
1/6/2019,729-06-2010,Cairo,Mandalay,Member,Male,Health and beauty,80.47,9,724.23,26.1415,760.4415,Cash,5,36.2115,9.2
3/2/2019,640-48-5028,Cairo,Mandalay,Member,Female,Home and lifestyle,88.39,9,795.51,26.1415,835.2855,Cash,5,39.7755,6.3
3/29/2019,186-79-9562,Cairo,Mandalay,Normal,Male,Health and beauty,71.77,7,502.39,26.1415,527.5095,Cash,5,25.1195,8.9
1/31/2019,834-45-5519,Cairo,Mandalay,Normal,Female,Electronic accessories,43,4,172,26.1415,180.6,Ewallet,5,8.6,7.6
1/21/2019,162-65-8559,Giza,Naypyitaw,Member,Male,Food and beverages,68.98,1,68.98,26.1415,72.429,Cash,5,3.449,4.8
1/20/2019,760-27-5490,Giza,Naypyitaw,Normal,Male,Fashion accessories,15.62,8,124.96,26.1415,131.208,Ewallet,5,6.248,9.1
1/17/2019,445-30-9252,Alex,Yangon,Normal,Male,Sports and travel,25.7,3,77.1,26.1415,80.955,Ewallet,5,3.855,6.1
2/28/2019,786-94-2700,Alex,Yangon,Member,Male,Food and beverages,80.62,6,483.72,26.1415,507.906,Cash,5,24.186,9.1
3/19/2019,728-88-7867,Giza,Naypyitaw,Member,Female,Home and lifestyle,75.53,4,302.12,26.1415,317.226,Ewallet,5,15.106,8.3
2/19/2019,183-21-3799,Giza,Naypyitaw,Normal,Female,Electronic accessories,77.63,9,698.67,26.1415,733.6035,Ewallet,5,34.9335,7.2
2/4/2019,268-20-3585,Giza,Naypyitaw,Normal,Female,Health and beauty,13.85,9,124.65,26.1415,130.8825,Ewallet,5,6.2325,6
1/31/2019,735-32-9839,Giza,Naypyitaw,Member,Male,Fashion accessories,98.7,8,789.6,26.1415,829.08,Ewallet,5,39.48,8.5
2/6/2019,258-92-7466,Alex,Yangon,Normal,Female,Health and beauty,35.68,5,178.4,26.1415,187.32,Credit card,5,8.92,6.6
3/28/2019,857-16-3520,Alex,Yangon,Member,Female,Fashion accessories,71.46,7,500.22,26.1415,525.231,Ewallet,5,25.011,4.5
1/19/2019,482-17-1179,Alex,Yangon,Member,Male,Electronic accessories,11.94,3,35.82,26.1415,37.611,Credit card,5,1.791,8.1
2/17/2019,788-21-5741,Alex,Yangon,Normal,Male,Fashion accessories,45.38,3,136.14,26.1415,142.947,Credit card,5,6.807,7.2
1/18/2019,821-14-9046,Cairo,Mandalay,Member,Female,Fashion accessories,17.48,6,104.88,26.1415,110.124,Credit card,5,5.244,6.1
2/2/2019,418-05-0656,Cairo,Mandalay,Normal,Female,Fashion accessories,25.56,7,178.92,26.1415,187.866,Cash,5,8.946,7.1
1/18/2019,678-79-0726,Giza,Naypyitaw,Member,Female,Sports and travel,90.63,9,815.67,26.1415,856.4535,Cash,5,40.7835,5.1
3/18/2019,776-68-1096,Cairo,Mandalay,Normal,Male,Home and lifestyle,44.12,3,132.36,26.1415,138.978,Credit card,5,6.618,7.9
1/11/2019,592-46-1692,Giza,Naypyitaw,Member,Female,Food and beverages,36.77,7,257.39,26.1415,270.2595,Cash,5,12.8695,7.4
2/4/2019,434-35-9162,Cairo,Mandalay,Member,Male,Food and beverages,23.34,4,93.36,26.1415,98.028,Ewallet,5,4.668,7.4
2/6/2019,149-14-0304,Giza,Naypyitaw,Member,Female,Health and beauty,28.5,8,228,26.1415,239.4,Cash,5,11.4,6.6
1/8/2019,442-44-6497,Giza,Naypyitaw,Member,Male,Home and lifestyle,55.57,3,166.71,26.1415,175.0455,Credit card,5,8.3355,5.9
3/5/2019,174-64-0215,Cairo,Mandalay,Normal,Male,Sports and travel,69.74,10,697.4,26.1415,732.27,Credit card,5,34.87,8.9
3/16/2019,210-74-9613,Giza,Naypyitaw,Normal,Male,Fashion accessories,97.26,4,389.04,26.1415,408.492,Ewallet,5,19.452,6.8
3/9/2019,299-29-0180,Cairo,Mandalay,Member,Female,Home and lifestyle,52.18,7,365.26,26.1415,383.523,Cash,5,18.263,9.3
3/1/2019,247-11-2470,Alex,Yangon,Member,Female,Fashion accessories,22.32,4,89.28,26.1415,93.744,Credit card,5,4.464,4.4
2/28/2019,635-28-5728,Alex,Yangon,Normal,Male,Health and beauty,56,3,168,26.1415,176.4,Ewallet,5,8.4,4.8
2/8/2019,756-49-0168,Alex,Yangon,Member,Male,Fashion accessories,19.7,1,19.7,26.1415,20.685,Ewallet,5,0.985,9.5
1/24/2019,438-23-1242,Cairo,Mandalay,Normal,Male,Electronic accessories,75.88,7,531.16,26.1415,557.718,Ewallet,5,26.558,8.9
3/1/2019,238-45-6950,Cairo,Mandalay,Member,Male,Food and beverages,53.72,1,53.72,26.1415,56.406,Ewallet,5,2.686,6.4
3/10/2019,607-65-2441,Giza,Naypyitaw,Member,Male,Health and beauty,81.95,10,819.5,26.1415,860.475,Credit card,5,40.975,6
3/23/2019,386-27-7606,Giza,Naypyitaw,Member,Female,Home and lifestyle,81.2,7,568.4,26.1415,596.82,Credit card,5,28.42,8.1
1/29/2019,137-63-5492,Giza,Naypyitaw,Normal,Male,Electronic accessories,58.76,10,587.6,26.1415,616.98,Ewallet,5,29.38,9
1/12/2019,197-77-7132,Cairo,Mandalay,Member,Male,Electronic accessories,91.56,8,732.48,26.1415,769.104,Ewallet,5,36.624,6
3/20/2019,805-86-0265,Alex,Yangon,Normal,Male,Home and lifestyle,93.96,9,845.64,26.1415,887.922,Cash,5,42.282,9.8
3/23/2019,733-29-1227,Giza,Naypyitaw,Normal,Male,Home and lifestyle,55.61,7,389.27,26.1415,408.7335,Cash,5,19.4635,8.5
1/14/2019,451-73-2711,Giza,Naypyitaw,Normal,Male,Food and beverages,84.83,1,84.83,26.1415,89.0715,Ewallet,5,4.2415,8.8
2/12/2019,373-14-0504,Alex,Yangon,Member,Female,Sports and travel,71.63,2,143.26,26.1415,150.423,Ewallet,5,7.163,8.8
2/20/2019,546-80-2899,Alex,Yangon,Member,Male,Home and lifestyle,37.69,2,75.38,26.1415,79.149,Ewallet,5,3.769,9.5
1/2/2019,345-68-9016,Giza,Naypyitaw,Member,Female,Sports and travel,31.67,8,253.36,26.1415,266.028,Credit card,5,12.668,5.6
2/2/2019,390-17-5806,Giza,Naypyitaw,Member,Female,Food and beverages,38.42,1,38.42,26.1415,40.341,Cash,5,1.921,8.6
1/8/2019,457-13-1708,Cairo,Mandalay,Member,Male,Fashion accessories,65.23,10,652.3,26.1415,684.915,Credit card,5,32.615,5.2
1/30/2019,664-14-2882,Giza,Naypyitaw,Member,Female,Home and lifestyle,10.53,5,52.65,26.1415,55.2825,Credit card,5,2.6325,5.8
3/26/2019,487-79-6868,Cairo,Mandalay,Member,Female,Home and lifestyle,12.29,9,110.61,26.1415,116.1405,Credit card,5,5.5305,8
1/15/2019,314-23-4520,Giza,Naypyitaw,Member,Male,Health and beauty,81.23,7,568.61,26.1415,597.0405,Cash,5,28.4305,9
3/14/2019,210-30-7976,Cairo,Mandalay,Member,Female,Fashion accessories,22.32,4,89.28,26.1415,93.744,Ewallet,5,4.464,4.1
2/3/2019,585-86-8361,Alex,Yangon,Normal,Female,Food and beverages,27.28,5,136.4,26.1415,143.22,Credit card,5,6.82,8.6
2/22/2019,807-14-7833,Alex,Yangon,Member,Female,Electronic accessories,17.42,10,174.2,26.1415,182.91,Ewallet,5,8.71,7
1/24/2019,775-72-1988,Cairo,Mandalay,Normal,Male,Home and lifestyle,73.28,5,366.4,26.1415,384.72,Ewallet,5,18.32,8.4
1/25/2019,288-38-3758,Giza,Naypyitaw,Member,Female,Fashion accessories,84.87,3,254.61,26.1415,267.3405,Ewallet,5,12.7305,7.4
3/9/2019,652-43-6591,Alex,Yangon,Normal,Female,Fashion accessories,97.29,8,778.32,26.1415,817.236,Credit card,5,38.916,6.2
2/17/2019,785-96-0615,Cairo,Mandalay,Member,Female,Electronic accessories,35.74,8,285.92,26.1415,300.216,Ewallet,5,14.296,4.9
1/11/2019,406-46-7107,Alex,Yangon,Normal,Female,Home and lifestyle,96.52,6,579.12,26.1415,608.076,Cash,5,28.956,4.5
2/27/2019,250-17-5703,Alex,Yangon,Member,Male,Food and beverages,18.85,10,188.5,26.1415,197.925,Ewallet,5,9.425,5.6
3/25/2019,156-95-3964,Alex,Yangon,Normal,Female,Food and beverages,55.39,4,221.56,26.1415,232.638,Ewallet,5,11.078,8
2/11/2019,842-40-8179,Cairo,Mandalay,Member,Female,Food and beverages,77.2,10,772,26.1415,810.6,Credit card,5,38.6,5.6
1/31/2019,525-09-8450,Cairo,Mandalay,Normal,Male,Electronic accessories,72.13,10,721.3,26.1415,757.365,Credit card,5,36.065,4.2
1/20/2019,410-67-1709,Alex,Yangon,Member,Female,Fashion accessories,63.88,8,511.04,26.1415,536.592,Ewallet,5,25.552,9.9
3/26/2019,587-73-4862,Alex,Yangon,Member,Female,Health and beauty,10.69,5,53.45,26.1415,56.1225,Ewallet,5,2.6725,7.6
1/20/2019,787-87-2010,Alex,Yangon,Member,Male,Health and beauty,55.5,4,222,26.1415,233.1,Credit card,5,11.1,6.6
3/5/2019,593-14-4239,Cairo,Mandalay,Normal,Female,Home and lifestyle,95.46,8,763.68,26.1415,801.864,Ewallet,5,38.184,4.7
1/5/2019,801-88-0346,Giza,Naypyitaw,Normal,Female,Fashion accessories,76.06,3,228.18,26.1415,239.589,Credit card,5,11.409,9.8
2/13/2019,388-76-2555,Cairo,Mandalay,Normal,Male,Sports and travel,13.69,6,82.14,26.1415,86.247,Cash,5,4.107,6.3
3/16/2019,711-31-1234,Cairo,Mandalay,Normal,Female,Electronic accessories,95.64,4,382.56,26.1415,401.688,Cash,5,19.128,7.9
1/15/2019,886-54-6089,Alex,Yangon,Normal,Female,Home and lifestyle,11.43,6,68.58,26.1415,72.009,Cash,5,3.429,7.7
2/26/2019,707-32-7409,Cairo,Mandalay,Member,Female,Sports and travel,95.54,4,382.16,26.1415,401.268,Ewallet,5,19.108,4.5
2/27/2019,759-98-4285,Giza,Naypyitaw,Member,Female,Health and beauty,85.87,7,601.09,26.1415,631.1445,Credit card,5,30.0545,8
2/17/2019,201-63-8275,Giza,Naypyitaw,Member,Female,Sports and travel,67.99,7,475.93,26.1415,499.7265,Ewallet,5,23.7965,5.7
2/6/2019,471-06-8611,Giza,Naypyitaw,Normal,Female,Food and beverages,52.42,1,52.42,26.1415,55.041,Credit card,5,2.621,6.3
1/17/2019,200-16-5952,Giza,Naypyitaw,Member,Male,Food and beverages,65.65,2,131.3,26.1415,137.865,Cash,5,6.565,6
1/22/2019,120-54-2248,Cairo,Mandalay,Normal,Female,Food and beverages,28.86,5,144.3,26.1415,151.515,Credit card,5,7.215,8
3/5/2019,102-77-2261,Giza,Naypyitaw,Member,Male,Health and beauty,65.31,7,457.17,26.1415,480.0285,Credit card,5,22.8585,4.2
1/3/2019,875-31-8302,Cairo,Mandalay,Normal,Male,Sports and travel,93.38,1,93.38,26.1415,98.049,Cash,5,4.669,9.6
3/20/2019,102-06-2002,Giza,Naypyitaw,Member,Male,Sports and travel,25.25,5,126.25,26.1415,132.5625,Cash,5,6.3125,6.1
1/31/2019,457-94-0464,Cairo,Mandalay,Member,Male,Electronic accessories,87.87,9,790.83,26.1415,830.3715,Ewallet,5,39.5415,5.6
2/19/2019,629-42-4133,Giza,Naypyitaw,Normal,Male,Health and beauty,21.8,8,174.4,26.1415,183.12,Cash,5,8.72,8.3
2/11/2019,534-53-3526,Alex,Yangon,Normal,Female,Sports and travel,94.76,4,379.04,26.1415,397.992,Ewallet,5,18.952,7.8
2/5/2019,307-04-2070,Alex,Yangon,Member,Female,Fashion accessories,30.62,1,30.62,26.1415,32.151,Credit card,5,1.531,4.1
3/3/2019,468-99-7231,Giza,Naypyitaw,Normal,Female,Home and lifestyle,44.01,8,352.08,26.1415,369.684,Cash,5,17.604,8.8
2/24/2019,516-77-6464,Giza,Naypyitaw,Member,Female,Health and beauty,10.16,5,50.8,26.1415,53.34,Ewallet,5,2.54,4.1
2/4/2019,404-91-5964,Alex,Yangon,Normal,Male,Electronic accessories,74.58,7,522.06,26.1415,548.163,Credit card,5,26.103,9
2/19/2019,886-77-9084,Giza,Naypyitaw,Normal,Male,Electronic accessories,71.89,8,575.12,26.1415,603.876,Ewallet,5,28.756,5.5
1/23/2019,790-38-4466,Giza,Naypyitaw,Normal,Female,Health and beauty,10.99,5,54.95,26.1415,57.6975,Credit card,5,2.7475,9.3
1/14/2019,704-10-4056,Giza,Naypyitaw,Member,Male,Health and beauty,60.47,3,181.41,26.1415,190.4805,Credit card,5,9.0705,5.6
1/17/2019,497-37-6538,Alex,Yangon,Normal,Male,Sports and travel,58.91,7,412.37,26.1415,432.9885,Ewallet,5,20.6185,9.7
3/3/2019,651-96-5970,Alex,Yangon,Normal,Male,Fashion accessories,46.41,1,46.41,26.1415,48.7305,Credit card,5,2.3205,4
2/15/2019,400-80-4065,Giza,Naypyitaw,Member,Male,Health and beauty,68.55,4,274.2,26.1415,287.91,Credit card,5,13.71,9.2
1/15/2019,744-16-7898,Cairo,Mandalay,Normal,Female,Home and lifestyle,97.37,10,973.7,26.1415,1022.385,Credit card,5,48.685,4.9
2/27/2019,263-12-5321,Alex,Yangon,Member,Male,Electronic accessories,92.6,7,648.2,26.1415,680.61,Credit card,5,32.41,9.3
2/26/2019,702-72-0487,Alex,Yangon,Normal,Female,Electronic accessories,46.61,2,93.22,26.1415,97.881,Credit card,5,4.661,6.6
3/15/2019,605-83-1050,Cairo,Mandalay,Normal,Male,Fashion accessories,27.18,2,54.36,26.1415,57.078,Ewallet,5,2.718,4.3
1/24/2019,443-60-9639,Giza,Naypyitaw,Member,Female,Home and lifestyle,60.87,1,60.87,26.1415,63.9135,Cash,5,3.0435,5.5
2/22/2019,864-24-7918,Alex,Yangon,Member,Female,Sports and travel,24.49,10,244.9,26.1415,257.145,Cash,5,12.245,8.1
3/15/2019,359-94-5395,Cairo,Mandalay,Normal,Male,Health and beauty,92.78,1,92.78,26.1415,97.419,Credit card,5,4.639,9.8
2/11/2019,401-09-4232,Giza,Naypyitaw,Member,Male,Home and lifestyle,86.69,5,433.45,26.1415,455.1225,Ewallet,5,21.6725,9.4
1/12/2019,751-15-6198,Cairo,Mandalay,Normal,Male,Sports and travel,23.01,6,138.06,26.1415,144.963,Ewallet,5,6.903,7.9
3/3/2019,324-41-6833,Giza,Naypyitaw,Member,Female,Electronic accessories,30.2,8,241.6,26.1415,253.68,Ewallet,5,12.08,5.1
3/23/2019,474-33-8305,Giza,Naypyitaw,Member,Male,Fashion accessories,67.39,7,471.73,26.1415,495.3165,Ewallet,5,23.5865,6.9
3/4/2019,759-29-9521,Alex,Yangon,Member,Female,Fashion accessories,48.96,9,440.64,26.1415,462.672,Cash,5,22.032,8
2/23/2019,831-81-6575,Cairo,Mandalay,Member,Female,Electronic accessories,75.59,9,680.31,26.1415,714.3255,Cash,5,34.0155,8
3/17/2019,220-68-6701,Alex,Yangon,Normal,Female,Home and lifestyle,77.47,4,309.88,26.1415,325.374,Cash,5,15.494,4.2
1/16/2019,618-34-8551,Alex,Yangon,Normal,Female,Sports and travel,93.18,2,186.36,26.1415,195.678,Credit card,5,9.318,8.5
1/8/2019,257-60-7754,Alex,Yangon,Normal,Female,Electronic accessories,50.23,4,200.92,26.1415,210.966,Cash,5,10.046,9
1/14/2019,559-61-5987,Cairo,Mandalay,Normal,Female,Health and beauty,17.75,1,17.75,26.1415,18.6375,Cash,5,0.8875,8.6
1/31/2019,189-55-2313,Giza,Naypyitaw,Normal,Female,Fashion accessories,62.18,10,621.8,26.1415,652.89,Ewallet,5,31.09,6
3/15/2019,565-91-4567,Cairo,Mandalay,Normal,Male,Health and beauty,10.75,8,86,26.1415,90.3,Ewallet,5,4.3,6.2
2/24/2019,380-60-5336,Alex,Yangon,Normal,Female,Electronic accessories,40.26,10,402.6,26.1415,422.73,Credit card,5,20.13,5
2/8/2019,815-04-6282,Giza,Naypyitaw,Member,Female,Sports and travel,64.97,5,324.85,26.1415,341.0925,Credit card,5,16.2425,6.5
3/22/2019,674-56-6360,Alex,Yangon,Normal,Male,Electronic accessories,95.15,1,95.15,26.1415,99.9075,Cash,5,4.7575,6
1/24/2019,778-34-2523,Alex,Yangon,Member,Female,Electronic accessories,48.62,8,388.96,26.1415,408.408,Cash,5,19.448,5
3/14/2019,499-27-7781,Cairo,Mandalay,Normal,Female,Food and beverages,53.21,8,425.68,26.1415,446.964,Ewallet,5,21.284,5
1/23/2019,477-59-2456,Giza,Naypyitaw,Normal,Female,Fashion accessories,45.44,7,318.08,26.1415,333.984,Cash,5,15.904,9.2
1/19/2019,832-51-6761,Alex,Yangon,Normal,Male,Food and beverages,33.88,8,271.04,26.1415,284.592,Ewallet,5,13.552,9.6
1/27/2019,869-11-3082,Cairo,Mandalay,Member,Male,Health and beauty,96.16,4,384.64,26.1415,403.872,Credit card,5,19.232,8.4
2/3/2019,190-59-3964,Cairo,Mandalay,Member,Male,Food and beverages,47.16,5,235.8,26.1415,247.59,Credit card,5,11.79,6
3/25/2019,366-43-6862,Cairo,Mandalay,Normal,Male,Electronic accessories,52.89,4,211.56,26.1415,222.138,Ewallet,5,10.578,6.7
2/24/2019,186-43-8965,Alex,Yangon,Member,Female,Home and lifestyle,47.68,2,95.36,26.1415,100.128,Credit card,5,4.768,4.1
2/7/2019,784-21-9238,Giza,Naypyitaw,Member,Male,Sports and travel,10.17,1,10.17,26.1415,10.6785,Cash,5,0.5085,5.9
3/4/2019,276-75-6884,Alex,Yangon,Normal,Female,Health and beauty,68.71,3,206.13,26.1415,216.4365,Cash,5,10.3065,8.7
2/14/2019,109-86-4363,Cairo,Mandalay,Member,Female,Sports and travel,60.08,7,420.56,26.1415,441.588,Credit card,5,21.028,4.5
1/29/2019,569-76-2760,Alex,Yangon,Member,Female,Sports and travel,22.01,4,88.04,26.1415,92.442,Credit card,5,4.402,6.6
1/28/2019,222-42-0244,Cairo,Mandalay,Member,Female,Health and beauty,72.11,9,648.99,26.1415,681.4395,Credit card,5,32.4495,7.7
3/26/2019,760-53-9233,Alex,Yangon,Member,Male,Fashion accessories,41.28,3,123.84,26.1415,130.032,Credit card,5,6.192,8.5
3/24/2019,538-22-0304,Giza,Naypyitaw,Normal,Male,Electronic accessories,64.95,10,649.5,26.1415,681.975,Cash,5,32.475,5.2
1/1/2019,416-17-9926,Alex,Yangon,Member,Female,Electronic accessories,74.22,10,742.2,26.1415,779.31,Credit card,5,37.11,4.3
1/24/2019,237-44-6163,Alex,Yangon,Normal,Male,Electronic accessories,10.56,8,84.48,26.1415,88.704,Cash,5,4.224,7.6
2/25/2019,636-17-0325,Cairo,Mandalay,Normal,Male,Health and beauty,62.57,4,250.28,26.1415,262.794,Cash,5,12.514,9.5
1/9/2019,343-75-9322,Cairo,Mandalay,Member,Female,Sports and travel,11.85,8,94.8,26.1415,99.54,Cash,5,4.74,4.1
2/14/2019,528-14-9470,Alex,Yangon,Member,Male,Health and beauty,91.3,1,91.3,26.1415,95.865,Ewallet,5,4.565,9.2
3/12/2019,427-45-9297,Cairo,Mandalay,Member,Female,Home and lifestyle,40.73,7,285.11,26.1415,299.3655,Ewallet,5,14.2555,5.4
3/26/2019,807-34-3742,Alex,Yangon,Normal,Male,Fashion accessories,52.38,1,52.38,26.1415,54.999,Cash,5,2.619,5.8
1/9/2019,288-62-1085,Alex,Yangon,Member,Male,Fashion accessories,38.54,5,192.7,26.1415,202.335,Ewallet,5,9.635,5.6
1/2/2019,670-71-7306,Cairo,Mandalay,Normal,Male,Sports and travel,44.63,6,267.78,26.1415,281.169,Credit card,5,13.389,5.1
1/15/2019,660-29-7083,Giza,Naypyitaw,Normal,Male,Electronic accessories,55.87,10,558.7,26.1415,586.635,Cash,5,27.935,5.8
1/1/2019,271-77-8740,Giza,Naypyitaw,Member,Female,Sports and travel,29.22,6,175.32,26.1415,184.086,Ewallet,5,8.766,5
2/15/2019,497-36-0989,Alex,Yangon,Normal,Male,Fashion accessories,51.94,3,155.82,26.1415,163.611,Cash,5,7.791,7.9
2/28/2019,291-59-1384,Cairo,Mandalay,Normal,Male,Electronic accessories,60.3,1,60.3,26.1415,63.315,Cash,5,3.015,6
3/2/2019,860-73-6466,Alex,Yangon,Member,Female,Sports and travel,39.47,2,78.94,26.1415,82.887,Credit card,5,3.947,5
2/13/2019,549-23-9016,Giza,Naypyitaw,Member,Female,Food and beverages,14.87,2,29.74,26.1415,31.227,Credit card,5,1.487,8.9
1/26/2019,896-34-0956,Alex,Yangon,Normal,Male,Fashion accessories,21.32,1,21.32,26.1415,22.386,Cash,5,1.066,5.9
1/30/2019,804-38-3935,Alex,Yangon,Member,Male,Electronic accessories,93.78,3,281.34,26.1415,295.407,Credit card,5,14.067,5.9
1/27/2019,585-90-0249,Alex,Yangon,Member,Male,Electronic accessories,73.26,1,73.26,26.1415,76.923,Ewallet,5,3.663,9.7
1/30/2019,862-29-5914,Giza,Naypyitaw,Normal,Female,Sports and travel,22.38,1,22.38,26.1415,23.499,Credit card,5,1.119,8.6
1/8/2019,845-94-6841,Giza,Naypyitaw,Member,Female,Food and beverages,72.88,9,655.92,26.1415,688.716,Cash,5,32.796,4
1/19/2019,125-45-2293,Alex,Yangon,Normal,Female,Fashion accessories,99.1,6,594.6,26.1415,624.33,Cash,5,29.73,4.2
1/25/2019,843-73-4724,Alex,Yangon,Normal,Male,Fashion accessories,74.1,1,74.1,26.1415,77.805,Cash,5,3.705,9.2
2/19/2019,409-33-9708,Alex,Yangon,Normal,Female,Fashion accessories,98.48,2,196.96,26.1415,206.808,Ewallet,5,9.848,9.2
1/14/2019,658-66-3967,Giza,Naypyitaw,Normal,Male,Health and beauty,53.19,7,372.33,26.1415,390.9465,Ewallet,5,18.6165,5
2/25/2019,866-70-2814,Cairo,Mandalay,Normal,Female,Electronic accessories,52.79,10,527.9,26.1415,554.295,Ewallet,5,26.395,10
1/23/2019,160-22-2687,Alex,Yangon,Member,Female,Health and beauty,95.95,5,479.75,26.1415,503.7375,Ewallet,5,23.9875,8.8
2/16/2019,895-03-6665,Cairo,Mandalay,Normal,Female,Fashion accessories,36.51,9,328.59,26.1415,345.0195,Cash,5,16.4295,4.2
1/1/2019,770-42-8960,Cairo,Mandalay,Normal,Male,Food and beverages,21.12,8,168.96,26.1415,177.408,Cash,5,8.448,6.3
3/7/2019,748-45-2862,Alex,Yangon,Member,Female,Home and lifestyle,28.31,4,113.24,26.1415,118.902,Cash,5,5.662,8.2
2/15/2019,234-36-2483,Cairo,Mandalay,Normal,Male,Health and beauty,57.59,6,345.54,26.1415,362.817,Cash,5,17.277,5.1
1/23/2019,316-66-3011,Alex,Yangon,Member,Female,Food and beverages,47.63,9,428.67,26.1415,450.1035,Cash,5,21.4335,5
2/20/2019,848-95-6252,Giza,Naypyitaw,Member,Female,Home and lifestyle,86.27,1,86.27,26.1415,90.5835,Ewallet,5,4.3135,7
1/8/2019,840-76-5966,Alex,Yangon,Member,Male,Sports and travel,12.76,2,25.52,26.1415,26.796,Ewallet,5,1.276,7.8
3/17/2019,152-03-4217,Cairo,Mandalay,Normal,Female,Home and lifestyle,11.28,9,101.52,26.1415,106.596,Credit card,5,5.076,4.3
1/12/2019,533-66-5566,Cairo,Mandalay,Normal,Female,Home and lifestyle,51.07,7,357.49,26.1415,375.3645,Cash,5,17.8745,7
1/8/2019,124-31-1458,Alex,Yangon,Member,Female,Electronic accessories,79.59,3,238.77,26.1415,250.7085,Cash,5,11.9385,6.6
1/26/2019,176-78-1170,Giza,Naypyitaw,Member,Male,Health and beauty,33.81,3,101.43,26.1415,106.5015,Ewallet,5,5.0715,7.3
3/15/2019,361-59-0574,Cairo,Mandalay,Member,Male,Sports and travel,90.53,8,724.24,26.1415,760.452,Credit card,5,36.212,6.5
1/17/2019,101-81-4070,Giza,Naypyitaw,Member,Female,Health and beauty,62.82,2,125.64,26.1415,131.922,Ewallet,5,6.282,4.9
1/8/2019,631-34-1880,Giza,Naypyitaw,Member,Male,Food and beverages,24.31,3,72.93,26.1415,76.5765,Credit card,5,3.6465,4.3
1/6/2019,852-82-2749,Alex,Yangon,Normal,Male,Sports and travel,64.59,4,258.36,26.1415,271.278,Ewallet,5,12.918,9.3
2/16/2019,873-14-6353,Alex,Yangon,Member,Male,Food and beverages,24.82,7,173.74,26.1415,182.427,Credit card,5,8.687,7.1
3/13/2019,584-66-4073,Giza,Naypyitaw,Normal,Male,Fashion accessories,56.5,1,56.5,26.1415,59.325,Ewallet,5,2.825,9.6
1/28/2019,544-55-9589,Cairo,Mandalay,Member,Female,Electronic accessories,21.43,10,214.3,26.1415,225.015,Cash,5,10.715,6.2
1/18/2019,166-19-2553,Alex,Yangon,Member,Male,Sports and travel,89.06,6,534.36,26.1415,561.078,Cash,5,26.718,9.9
3/19/2019,737-88-5876,Alex,Yangon,Member,Male,Home and lifestyle,23.29,4,93.16,26.1415,97.818,Credit card,5,4.658,5.9
3/15/2019,154-87-7367,Giza,Naypyitaw,Normal,Male,Home and lifestyle,65.26,8,522.08,26.1415,548.184,Ewallet,5,26.104,6.3
2/12/2019,885-56-0389,Giza,Naypyitaw,Member,Male,Fashion accessories,52.35,1,52.35,26.1415,54.9675,Cash,5,2.6175,4
2/25/2019,608-05-3804,Cairo,Mandalay,Member,Male,Electronic accessories,39.75,1,39.75,26.1415,41.7375,Cash,5,1.9875,6.1
3/21/2019,448-61-3783,Alex,Yangon,Normal,Female,Electronic accessories,90.02,8,720.16,26.1415,756.168,Credit card,5,36.008,4.5
1/19/2019,761-49-0439,Cairo,Mandalay,Member,Female,Electronic accessories,12.1,8,96.8,26.1415,101.64,Ewallet,5,4.84,8.6
1/8/2019,490-95-0021,Cairo,Mandalay,Member,Female,Food and beverages,33.21,10,332.1,26.1415,348.705,Ewallet,5,16.605,6
3/30/2019,115-38-7388,Giza,Naypyitaw,Member,Female,Fashion accessories,10.18,8,81.44,26.1415,85.512,Credit card,5,4.072,9.5
2/20/2019,311-13-6971,Cairo,Mandalay,Member,Male,Sports and travel,31.99,10,319.9,26.1415,335.895,Credit card,5,15.995,9.9
3/30/2019,291-55-6563,Alex,Yangon,Member,Female,Home and lifestyle,34.42,6,206.52,26.1415,216.846,Ewallet,5,10.326,7.5
3/19/2019,548-48-3156,Alex,Yangon,Member,Female,Food and beverages,83.34,2,166.68,26.1415,175.014,Cash,5,8.334,7.6
1/13/2019,460-93-5834,Alex,Yangon,Normal,Male,Sports and travel,45.58,7,319.06,26.1415,335.013,Cash,5,15.953,5
2/5/2019,325-89-4209,Alex,Yangon,Member,Male,Food and beverages,87.9,1,87.9,26.1415,92.295,Ewallet,5,4.395,6.7
3/23/2019,884-80-6021,Alex,Yangon,Member,Female,Electronic accessories,73.47,10,734.7,26.1415,771.435,Ewallet,5,36.735,9.5
3/13/2019,137-74-8729,Giza,Naypyitaw,Normal,Female,Fashion accessories,12.19,8,97.52,26.1415,102.396,Ewallet,5,4.876,6.8
3/17/2019,880-46-5796,Alex,Yangon,Member,Male,Sports and travel,76.92,10,769.2,26.1415,807.66,Ewallet,5,38.46,5.6
2/21/2019,389-70-2397,Giza,Naypyitaw,Normal,Female,Health and beauty,83.66,5,418.3,26.1415,439.215,Cash,5,20.915,7.2
2/7/2019,114-35-5271,Cairo,Mandalay,Normal,Female,Electronic accessories,57.91,8,463.28,26.1415,486.444,Cash,5,23.164,8.1
3/2/2019,607-76-6216,Giza,Naypyitaw,Member,Female,Fashion accessories,92.49,5,462.45,26.1415,485.5725,Credit card,5,23.1225,8.6
3/6/2019,715-20-1673,Cairo,Mandalay,Normal,Male,Electronic accessories,28.38,5,141.9,26.1415,148.995,Cash,5,7.095,9.4
2/6/2019,811-35-1094,Cairo,Mandalay,Member,Male,Electronic accessories,50.45,6,302.7,26.1415,317.835,Credit card,5,15.135,8.9
1/28/2019,699-88-1972,Cairo,Mandalay,Normal,Male,Health and beauty,99.16,8,793.28,26.1415,832.944,Credit card,5,39.664,4.2
1/18/2019,781-84-8059,Giza,Naypyitaw,Normal,Male,Fashion accessories,60.74,7,425.18,26.1415,446.439,Ewallet,5,21.259,5
2/5/2019,409-49-6995,Giza,Naypyitaw,Member,Female,Food and beverages,47.27,6,283.62,26.1415,297.801,Cash,5,14.181,8.8
3/2/2019,725-54-0677,Giza,Naypyitaw,Member,Male,Health and beauty,85.6,7,599.2,26.1415,629.16,Cash,5,29.96,5.3
2/9/2019,146-09-5432,Alex,Yangon,Member,Male,Food and beverages,35.04,9,315.36,26.1415,331.128,Ewallet,5,15.768,4.6
1/14/2019,377-79-7592,Giza,Naypyitaw,Member,Female,Electronic accessories,44.84,9,403.56,26.1415,423.738,Credit card,5,20.178,7.5
2/9/2019,509-10-0516,Cairo,Mandalay,Normal,Male,Home and lifestyle,45.97,4,183.88,26.1415,193.074,Ewallet,5,9.194,5.1
3/26/2019,595-94-9924,Alex,Yangon,Member,Female,Health and beauty,27.73,5,138.65,26.1415,145.5825,Credit card,5,6.9325,4.2
1/28/2019,865-41-9075,Alex,Yangon,Normal,Male,Food and beverages,11.53,7,80.71,26.1415,84.7455,Cash,5,4.0355,8.1
2/14/2019,545-07-8534,Giza,Naypyitaw,Normal,Female,Health and beauty,58.32,2,116.64,26.1415,122.472,Ewallet,5,5.832,6
3/24/2019,118-62-1812,Giza,Naypyitaw,Member,Female,Home and lifestyle,78.38,4,313.52,26.1415,329.196,Cash,5,15.676,7.9
2/9/2019,450-42-3339,Giza,Naypyitaw,Normal,Male,Health and beauty,84.61,10,846.1,26.1415,888.405,Credit card,5,42.305,8.8
3/24/2019,851-98-3555,Cairo,Mandalay,Normal,Female,Health and beauty,82.88,5,414.4,26.1415,435.12,Credit card,5,20.72,6.6
3/27/2019,186-71-5196,Alex,Yangon,Member,Female,Food and beverages,79.54,2,159.08,26.1415,167.034,Ewallet,5,7.954,6.2
1/27/2019,624-01-8356,Cairo,Mandalay,Normal,Female,Home and lifestyle,49.01,10,490.1,26.1415,514.605,Credit card,5,24.505,4.2
3/27/2019,313-66-9943,Cairo,Mandalay,Member,Female,Food and beverages,29.15,3,87.45,26.1415,91.8225,Credit card,5,4.3725,7.3
1/19/2019,151-27-8496,Giza,Naypyitaw,Normal,Female,Electronic accessories,56.13,4,224.52,26.1415,235.746,Ewallet,5,11.226,8.6
2/7/2019,453-33-6436,Alex,Yangon,Normal,Female,Home and lifestyle,93.12,8,744.96,26.1415,782.208,Cash,5,37.248,6.8
1/31/2019,522-57-8364,Alex,Yangon,Member,Male,Fashion accessories,51.34,8,410.72,26.1415,431.256,Ewallet,5,20.536,7.6
2/25/2019,459-45-2396,Alex,Yangon,Member,Female,Food and beverages,99.6,3,298.8,26.1415,313.74,Cash,5,14.94,5.8
2/2/2019,717-96-4189,Giza,Naypyitaw,Normal,Female,Electronic accessories,35.49,6,212.94,26.1415,223.587,Cash,5,10.647,4.1
3/14/2019,722-13-2115,Giza,Naypyitaw,Member,Male,Sports and travel,42.85,1,42.85,26.1415,44.9925,Credit card,5,2.1425,9.3
3/11/2019,749-81-8133,Alex,Yangon,Normal,Female,Fashion accessories,94.67,4,378.68,26.1415,397.614,Cash,5,18.934,6.8
2/22/2019,777-67-2495,Cairo,Mandalay,Normal,Male,Home and lifestyle,68.97,3,206.91,26.1415,217.2555,Ewallet,5,10.3455,8.7
3/2/2019,636-98-3364,Cairo,Mandalay,Member,Female,Electronic accessories,26.26,3,78.78,26.1415,82.719,Ewallet,5,3.939,6.3
3/10/2019,246-55-6923,Giza,Naypyitaw,Member,Female,Home and lifestyle,35.79,9,322.11,26.1415,338.2155,Credit card,5,16.1055,5.1
2/8/2019,181-82-6255,Cairo,Mandalay,Normal,Female,Home and lifestyle,16.37,6,98.22,26.1415,103.131,Cash,5,4.911,7
2/22/2019,838-02-1821,Giza,Naypyitaw,Member,Female,Home and lifestyle,12.73,2,25.46,26.1415,26.733,Credit card,5,1.273,5.2
1/10/2019,887-42-0517,Giza,Naypyitaw,Normal,Female,Sports and travel,83.14,7,581.98,26.1415,611.079,Credit card,5,29.099,6.6
3/14/2019,457-12-0244,Giza,Naypyitaw,Member,Female,Sports and travel,35.22,6,211.32,26.1415,221.886,Ewallet,5,10.566,6.5
1/10/2019,226-34-0034,Cairo,Mandalay,Normal,Female,Electronic accessories,13.78,4,55.12,26.1415,57.876,Ewallet,5,2.756,9
2/15/2019,321-49-7382,Cairo,Mandalay,Member,Male,Sports and travel,88.31,1,88.31,26.1415,92.7255,Credit card,5,4.4155,5.2
1/13/2019,397-25-8725,Alex,Yangon,Member,Female,Health and beauty,39.62,9,356.58,26.1415,374.409,Credit card,5,17.829,6.8
2/15/2019,431-66-2305,Cairo,Mandalay,Normal,Female,Electronic accessories,88.25,9,794.25,26.1415,833.9625,Credit card,5,39.7125,7.6
3/2/2019,825-94-5922,Cairo,Mandalay,Normal,Male,Sports and travel,25.31,2,50.62,26.1415,53.151,Ewallet,5,2.531,7.2
3/24/2019,641-62-7288,Cairo,Mandalay,Normal,Male,Home and lifestyle,99.92,6,599.52,26.1415,629.496,Ewallet,5,29.976,7.1
2/2/2019,756-93-1854,Giza,Naypyitaw,Member,Female,Fashion accessories,83.35,2,166.7,26.1415,175.035,Credit card,5,8.335,9.5
2/27/2019,243-55-8457,Alex,Yangon,Normal,Female,Food and beverages,74.44,10,744.4,26.1415,781.62,Ewallet,5,37.22,5.1
1/20/2019,458-10-8612,Giza,Naypyitaw,Normal,Male,Health and beauty,64.08,7,448.56,26.1415,470.988,Ewallet,5,22.428,7.6
1/3/2019,501-61-1753,Cairo,Mandalay,Normal,Female,Home and lifestyle,63.15,6,378.9,26.1415,397.845,Ewallet,5,18.945,9.8
1/24/2019,235-06-8510,Giza,Naypyitaw,Member,Male,Home and lifestyle,85.72,3,257.16,26.1415,270.018,Ewallet,5,12.858,5.1
1/5/2019,433-08-7822,Giza,Naypyitaw,Normal,Female,Health and beauty,78.89,7,552.23,26.1415,579.8415,Ewallet,5,27.6115,7.5
3/30/2019,361-85-2571,Alex,Yangon,Normal,Female,Sports and travel,89.48,5,447.4,26.1415,469.77,Cash,5,22.37,7.4
2/17/2019,131-70-8179,Alex,Yangon,Member,Female,Health and beauty,92.09,3,276.27,26.1415,290.0835,Cash,5,13.8135,4.2
3/21/2019,500-02-2261,Giza,Naypyitaw,Normal,Female,Food and beverages,57.29,6,343.74,26.1415,360.927,Ewallet,5,17.187,5.9
3/2/2019,720-72-2436,Alex,Yangon,Normal,Male,Food and beverages,66.52,4,266.08,26.1415,279.384,Ewallet,5,13.304,6.9
3/27/2019,702-83-5291,Giza,Naypyitaw,Member,Male,Fashion accessories,99.82,9,898.38,26.1415,943.299,Cash,5,44.919,6.6
1/19/2019,809-69-9497,Alex,Yangon,Normal,Female,Home and lifestyle,45.68,10,456.8,26.1415,479.64,Ewallet,5,22.84,5.7
2/19/2019,449-16-6770,Alex,Yangon,Normal,Male,Health and beauty,50.79,5,253.95,26.1415,266.6475,Credit card,5,12.6975,5.3
3/28/2019,333-23-2632,Alex,Yangon,Member,Male,Health and beauty,10.08,7,70.56,26.1415,74.088,Cash,5,3.528,4.2
1/5/2019,489-82-1237,Alex,Yangon,Normal,Female,Electronic accessories,93.88,7,657.16,26.1415,690.018,Credit card,5,32.858,7.3
3/26/2019,859-97-6048,Giza,Naypyitaw,Member,Male,Electronic accessories,84.25,2,168.5,26.1415,176.925,Credit card,5,8.425,5.3
2/3/2019,676-10-2200,Cairo,Mandalay,Member,Male,Fashion accessories,53.78,1,53.78,26.1415,56.469,Ewallet,5,2.689,4.7
2/6/2019,373-88-1424,Giza,Naypyitaw,Member,Male,Home and lifestyle,35.81,5,179.05,26.1415,188.0025,Ewallet,5,8.9525,7.9
2/24/2019,365-16-4334,Cairo,Mandalay,Normal,Female,Food and beverages,26.43,8,211.44,26.1415,222.012,Ewallet,5,10.572,8.9
2/21/2019,503-21-4385,Cairo,Mandalay,Member,Male,Health and beauty,39.91,3,119.73,26.1415,125.7165,Ewallet,5,5.9865,9.3
1/9/2019,305-89-2768,Cairo,Mandalay,Member,Female,Home and lifestyle,21.9,3,65.7,26.1415,68.985,Ewallet,5,3.285,4.7
2/25/2019,574-80-1489,Cairo,Mandalay,Member,Female,Food and beverages,62.85,4,251.4,26.1415,263.97,Ewallet,5,12.57,8.7
1/13/2019,784-08-0310,Giza,Naypyitaw,Member,Female,Food and beverages,21.04,4,84.16,26.1415,88.368,Cash,5,4.208,7.6
2/9/2019,200-40-6154,Cairo,Mandalay,Member,Male,Home and lifestyle,65.91,6,395.46,26.1415,415.233,Cash,5,19.773,5.7
1/6/2019,846-10-0341,Alex,Yangon,Normal,Female,Fashion accessories,42.57,7,297.99,26.1415,312.8895,Cash,5,14.8995,6.8
1/10/2019,577-34-7579,Giza,Naypyitaw,Member,Male,Food and beverages,50.49,9,454.41,26.1415,477.1305,Cash,5,22.7205,5.4
2/7/2019,430-02-3888,Cairo,Mandalay,Normal,Male,Electronic accessories,46.02,6,276.12,26.1415,289.926,Cash,5,13.806,7.1
1/9/2019,867-47-1948,Giza,Naypyitaw,Normal,Female,Home and lifestyle,15.8,10,158,26.1415,165.9,Cash,5,7.9,7.8
2/19/2019,384-59-6655,Alex,Yangon,Member,Female,Food and beverages,98.66,9,887.94,26.1415,932.337,Cash,5,44.397,8.4
3/18/2019,256-58-3609,Giza,Naypyitaw,Member,Male,Fashion accessories,91.98,1,91.98,26.1415,96.579,Cash,5,4.599,9.8
2/5/2019,324-92-3863,Alex,Yangon,Member,Male,Electronic accessories,20.89,2,41.78,26.1415,43.869,Cash,5,2.089,9.8
3/19/2019,593-08-5916,Alex,Yangon,Normal,Female,Fashion accessories,15.5,1,15.5,26.1415,16.275,Credit card,5,0.775,7.4
3/30/2019,364-34-2972,Giza,Naypyitaw,Member,Male,Electronic accessories,96.82,3,290.46,26.1415,304.983,Cash,5,14.523,6.7
1/26/2019,794-42-3736,Cairo,Mandalay,Normal,Male,Food and beverages,33.33,2,66.66,26.1415,69.993,Credit card,5,3.333,6.4
3/2/2019,172-42-8274,Cairo,Mandalay,Normal,Female,Electronic accessories,38.27,2,76.54,26.1415,80.367,Credit card,5,3.827,5.8
3/4/2019,558-60-5016,Alex,Yangon,Normal,Female,Home and lifestyle,33.3,9,299.7,26.1415,314.685,Ewallet,5,14.985,7.2
1/13/2019,195-06-0432,Alex,Yangon,Member,Male,Home and lifestyle,81.01,3,243.03,26.1415,255.1815,Credit card,5,12.1515,9.3
3/25/2019,605-03-2706,Alex,Yangon,Normal,Female,Health and beauty,15.8,3,47.4,26.1415,49.77,Cash,5,2.37,9.5
3/11/2019,214-30-2776,Cairo,Mandalay,Member,Female,Electronic accessories,34.49,5,172.45,26.1415,181.0725,Credit card,5,8.6225,9
1/1/2019,746-04-1077,Cairo,Mandalay,Member,Female,Food and beverages,84.63,10,846.3,26.1415,888.615,Credit card,5,42.315,9
2/10/2019,448-34-8700,Cairo,Mandalay,Member,Male,Home and lifestyle,36.91,7,258.37,26.1415,271.2885,Ewallet,5,12.9185,6.7
1/26/2019,452-04-8808,Cairo,Mandalay,Normal,Male,Electronic accessories,87.08,7,609.56,26.1415,640.038,Cash,5,30.478,5.5
2/11/2019,531-56-4728,Alex,Yangon,Normal,Male,Home and lifestyle,80.08,3,240.24,26.1415,252.252,Cash,5,12.012,5.4
2/7/2019,744-82-9138,Giza,Naypyitaw,Normal,Male,Fashion accessories,86.13,2,172.26,26.1415,180.873,Cash,5,8.613,8.2
3/6/2019,883-69-1285,Cairo,Mandalay,Member,Male,Fashion accessories,49.92,2,99.84,26.1415,104.832,Credit card,5,4.992,7
3/4/2019,221-25-5073,Alex,Yangon,Normal,Female,Food and beverages,74.66,4,298.64,26.1415,313.572,Cash,5,14.932,8.5
2/26/2019,518-71-6847,Cairo,Mandalay,Member,Male,Food and beverages,26.6,6,159.6,26.1415,167.58,Ewallet,5,7.98,4.9
3/10/2019,156-20-0370,Cairo,Mandalay,Normal,Female,Electronic accessories,25.45,1,25.45,26.1415,26.7225,Credit card,5,1.2725,5.1
2/4/2019,151-33-7434,Cairo,Mandalay,Normal,Female,Food and beverages,67.77,1,67.77,26.1415,71.1585,Credit card,5,3.3885,6.5
1/19/2019,728-47-9078,Giza,Naypyitaw,Member,Male,Food and beverages,59.59,4,238.36,26.1415,250.278,Cash,5,11.918,9.8
1/23/2019,809-46-1866,Alex,Yangon,Normal,Male,Health and beauty,58.15,4,232.6,26.1415,244.23,Cash,5,11.63,8.4
3/14/2019,139-32-4183,Alex,Yangon,Member,Female,Sports and travel,97.48,9,877.32,26.1415,921.186,Ewallet,5,43.866,7.4
1/23/2019,148-41-7930,Giza,Naypyitaw,Normal,Male,Health and beauty,99.96,7,699.72,26.1415,734.706,Cash,5,34.986,6.1
1/9/2019,189-40-5216,Giza,Naypyitaw,Normal,Male,Electronic accessories,96.37,7,674.59,26.1415,708.3195,Cash,5,33.7295,6
2/7/2019,374-38-5555,Cairo,Mandalay,Normal,Female,Fashion accessories,63.71,5,318.55,26.1415,334.4775,Ewallet,5,15.9275,8.5
2/18/2019,764-44-8999,Cairo,Mandalay,Normal,Female,Health and beauty,14.76,2,29.52,26.1415,30.996,Ewallet,5,1.476,4.3
1/3/2019,552-44-5977,Cairo,Mandalay,Member,Male,Health and beauty,62,8,496,26.1415,520.8,Credit card,5,24.8,6.2
3/29/2019,267-62-7380,Giza,Naypyitaw,Member,Male,Electronic accessories,82.34,10,823.4,26.1415,864.57,Ewallet,5,41.17,4.3
1/28/2019,430-53-4718,Cairo,Mandalay,Member,Male,Health and beauty,75.37,8,602.96,26.1415,633.108,Credit card,5,30.148,8.4
3/22/2019,886-18-2897,Alex,Yangon,Normal,Female,Food and beverages,56.56,5,282.8,26.1415,296.94,Credit card,5,14.14,4.5
1/24/2019,602-16-6955,Cairo,Mandalay,Normal,Female,Sports and travel,76.6,10,766,26.1415,804.3,Ewallet,5,38.3,6
3/10/2019,745-74-0715,Alex,Yangon,Normal,Male,Electronic accessories,58.03,2,116.06,26.1415,121.863,Ewallet,5,5.803,8.8
2/22/2019,690-01-6631,Cairo,Mandalay,Normal,Male,Fashion accessories,17.49,10,174.9,26.1415,183.645,Ewallet,5,8.745,6.6
2/18/2019,652-49-6720,Giza,Naypyitaw,Member,Female,Electronic accessories,60.95,1,60.95,26.1415,63.9975,Ewallet,5,3.0475,5.9
1/29/2019,233-67-5758,Giza,Naypyitaw,Normal,Male,Health and beauty,40.35,1,40.35,26.1415,42.3675,Ewallet,5,2.0175,6.2
3/2/2019,303-96-2227,Cairo,Mandalay,Normal,Female,Home and lifestyle,97.38,10,973.8,26.1415,1022.49,Ewallet,5,48.69,4.4
2/9/2019,727-02-1313,Alex,Yangon,Member,Male,Food and beverages,31.84,1,31.84,26.1415,33.432,Cash,5,1.592,7.7
2/22/2019,347-56-2442,Alex,Yangon,Normal,Male,Home and lifestyle,65.82,1,65.82,26.1415,69.111,Cash,5,3.291,4.1
2/18/2019,849-09-3807,Alex,Yangon,Member,Female,Fashion accessories,88.34,7,618.38,26.1415,649.299,Cash,5,30.919,6.6
